Date,AAPL,MSFT,GOOGL,AMZN,META,JPM,BAC,WFC,GS,C,XOM,CVX,COP,SLB,OXY,JNJ,PFE,UNH,MRK,ABBV,PG,KO,PEP,WMT,COST
2025-07-24,212.91531372070312,506.8316650390625,191.6233367919922,232.22999572753906,712.46484375,290.9832458496094,47.35837173461914,82.06920623779297,704.9882202148438,93.27533721923828,107.36753845214844,149.56576538085938,92.55232238769531,34.30301284790039,43.72575378417969,165.4266357421875,23.6942195892334,271.313720703125,81.3890151977539,185.08804321289062,155.42498779296875,67.19692993164062,139.0063934326172,95.79904174804688,928.5728759765625
2025-07-25,213.0348358154297,509.6392822265625,192.63046264648438,231.44000244140625,710.351806640625,293.0144348144531,47.417091369628906,82.5095443725586,714.5947875976562,93.94026184082031,106.98957824707031,148.6155548095703,91.90381622314453,34.52689743041992,43.804134368896484,164.19735717773438,23.570615768432617,273.7290344238281,81.96959686279297,184.55459594726562,154.9258575439453,67.26500701904297,137.98675537109375,96.66182708740234,930.2435302734375
2025-07-28,213.20419311523438,508.4388122558594,192.0321807861328,232.7899932861328,715.28564453125,292.6807861328125,47.201778411865234,81.28638458251953,709.3699951171875,93.43179321289062,107.99745178222656,149.99766540527344,93.90740966796875,35.04279708862305,44.62711715698242,162.16806030273438,23.114225387573242,274.7613830566406,81.34062194824219,182.84756469726562,153.76121520996094,66.21473693847656,136.17837524414062,96.80066680908203,928.7618408203125
2025-07-29,210.43516540527344,508.5082702636719,195.1931610107422,231.00999450683594,697.7132568359375,291.4640808105469,46.92774963378906,80.87541198730469,717.5355834960938,92.38551330566406,109.3929672241211,150.71751403808594,94.8462905883789,34.682640075683594,44.538936614990234,164.01199340820312,23.104717254638672,254.2604522705078,79.95687866210938,185.46630859375,153.27186584472656,67.4692153930664,138.41000366210938,97.51470184326172,929.338623046875
2025-07-30,208.2239227294922,509.1729431152344,195.970947265625,230.19000244140625,692.9389038085938,294.0054626464844,46.93753433227539,80.02408599853516,716.3298950195312,93.68602752685547,108.44324493408203,147.3870086669922,93.56863403320312,33.2614631652832,43.510215759277344,163.18270874023438,22.638818740844727,259.1007995605469,79.10536193847656,183.61376953125,149.62136840820312,66.85657501220703,137.41921997070312,96.78082275390625,922.318115234375
2025-07-31,206.74978637695312,529.2723999023438,191.35411071777344,234.11000061035156,770.913330078125,290.6790771484375,46.262245178222656,78.8987808227539,709.3112182617188,91.62279510498047,108.1912612915039,145.54420471191406,92.28130340576172,32.90129470825195,43.04973220825195,160.72413635253906,22.144397735595703,243.0506591796875,75.59278869628906,183.33250427246094,147.2627410888672,66.02025604248047,132.66737365722656,97.1676025390625,934.3802490234375
2025-08-01,201.58029174804688,519.9568481445312,188.59201049804688,214.75,747.5598754882812,283.9380798339844,44.68657302856445,76.10997009277344,695.5678100585938,89.79425811767578,106.25305938720703,145.3138427734375,89.7840805053711,32.17123794555664,42.53047561645508,163.25100708007812,22.33456039428711,231.5681915283203,76.72494506835938,189.345947265625,147.43890380859375,66.96353149414062,133.97557067871094,97.67337036132812,948.5003662109375
2025-08-04,202.5464630126953,531.3953857421875,194.4851837158203,211.64999389648438,773.833740234375,288.73626708984375,44.872520446777344,75.91427612304688,711.703125,90.63087463378906,104.05318450927734,144.9683074951172,89.87118530273438,32.005760192871094,41.991615295410156,166.8705596923828,22.37259292602539,234.69444274902344,77.27650451660156,191.2566680908203,147.54653930664062,67.060791015625,134.2449188232422,98.76424407958984,951.3383178710938
2025-08-05,202.1181640625,523.5679321289062,194.11622619628906,213.75,760.9659423828125,285.9004821777344,44.58870315551758,76.28610229492188,706.6840209960938,90.0796890258789,103.92720031738281,146.88792419433594,90.2099609375,32.609275817871094,42.20716094970703,166.57786560058594,23.532583236694336,244.45309448242188,78.1764144897461,192.57574462890625,147.3018798828125,67.1483154296875,134.13909912109375,98.48657989501953,939.6478271484375
2025-08-06,212.40733337402344,520.7802124023438,195.53219604492188,222.30999755859375,769.4680786132812,285.880859375,44.451683044433594,75.94361877441406,710.4384765625,90.77851867675781,103.2197494506836,146.63836669921875,90.12284851074219,31.986295700073242,41.6781005859375,166.4315185546875,22.752918243408203,239.36923217773438,76.8700942993164,190.39344787597656,149.601806640625,67.59564208984375,135.4376983642578,102.50299072265625,964.4725952148438
2025-08-07,219.16053771972656,516.7127075195312,195.96096801757812,223.1300048828125,759.3412475585938,281.55364990234375,43.96234130859375,75.39564514160156,705.537109375,89.79426574707031,102.67704010009766,147.0030975341797,89.62920379638672,31.918153762817383,42.70682907104492,167.34860229492188,23.038158416748047,238.2882080078125,77.77000427246094,192.8764190673828,150.2183837890625,68.49031066894531,138.43885803222656,102.26497650146484,973.3251953125
2025-08-08,228.44371032714844,517.9032592773438,200.84701538085938,222.69000244140625,766.786865234375,283.33953857421875,45.02910614013672,76.62599182128906,707.0369873046875,91.27064514160156,103.50078582763672,148.7787322998047,90.8971939086914,31.996023178100586,43.422035217285156,169.104736328125,23.370943069458008,244.34597778320312,78.07965850830078,192.09078979492188,150.23794555664062,68.40277862548828,139.6797332763672,102.86991882324219,976.8402709960938
2025-08-11,226.53909301757812,517.6353759765625,200.42822265625,221.3000030517578,763.3679809570312,284.1244812011719,45.17591094970703,76.37007141113281,705.0469970703125,90.85725402832031,102.56074523925781,147.28143310546875,90.52938079833984,31.509319305419922,42.82439422607422,169.5828094482422,23.370943069458008,245.787353515625,77.44100189208984,192.6630401611328,151.67662048339844,68.80148315429688,139.35267639160156,103.0682601928711,984.5674438476562
2025-08-12,229.0021209716797,525.046142578125,202.7615509033203,221.47000122070312,787.4192504882812,287.3527526855469,46.48735046386719,78.2303695678711,728.710693359375,94.2332763671875,102.85147857666016,148.23165893554688,91.55536651611328,32.06415939331055,43.2554817199707,168.56813049316406,23.437501907348633,254.74742126464844,77.7022705078125,192.6630401611328,151.78427124023438,68.7625961303711,141.27650451660156,102.7608413696289,987.0669555664062
2025-08-13,232.6717529296875,516.4547729492188,201.385498046875,224.55999755859375,777.5316772460938,285.0762634277344,46.23289108276367,76.66536712646484,729.9948120117188,93.16043853759766,104.27606964111328,149.60415649414062,92.8039779663086,32.65794372558594,43.84332275390625,170.1681671142578,23.922414779663086,264.7203063964844,80.0343017578125,195.4078826904297,152.0974578857422,68.51947021484375,143.6620635986328,100.15264892578125,974.71923828125
2025-08-14,232.12330627441406,518.3396606445312,202.3627166748047,230.97999572753906,779.5748901367188,288.6381530761719,46.692867279052734,78.16146850585938,732.4552612304688,93.95768737792969,104.0628662109375,148.92271423339844,92.58135986328125,32.33671951293945,43.8629150390625,170.46084594726562,23.874876022338867,264.40863037109375,80.08268737792969,198.5212860107422,150.46304321289062,67.63453674316406,142.95985412597656,100.0137939453125,971.27392578125
2025-08-15,230.9366455078125,516.0479736328125,203.31996154785156,231.02999877929688,782.664794921875,285.03704833984375,45.93927764892578,75.88778686523438,716.3004150390625,92.21553802490234,104.16068267822266,150.2568359375,92.27163696289062,32.11283493041992,43.70616149902344,172.33404541015625,23.903396606445312,296.0804138183594,81.48578643798828,200.4708251953125,151.06982421875,67.99433898925781,144.6720733642578,99.40247344970703,967.9379272460938
2025-08-18,230.23863220214844,513.0023803710938,202.92111206054688,231.49000549316406,764.8631591796875,286.0575256347656,46.89838409423828,76.22244262695312,716.5357666015625,92.73719787597656,104.38565063476562,149.0762939453125,91.73489379882812,32.414588928222656,43.314266204833984,171.95355224609375,23.836841583251953,300.44354248046875,81.49545288085938,200.3544464111328,152.40084838867188,67.2260971069336,143.85446166992188,100.0982894897461,975.2171020507812
2025-08-19,229.90956115722656,505.73040771484375,200.99661254882812,228.00999450683594,749.0250244140625,285.203857421875,47.05498123168945,76.31101989746094,707.1448364257812,92.26475524902344,105.0703353881836,147.51377868652344,91.50067138671875,32.453529357910156,43.06932830810547,173.46578979492188,24.074542999267578,296.3044128417969,82.18248748779297,199.98587036132812,155.02369689941406,68.19856262207031,146.36505126953125,100.68476867675781,976.7108154296875
2025-08-20,225.3723907470703,501.7125244140625,198.7530059814453,223.80999755859375,745.2772827148438,286.754150390625,47.31922149658203,76.9311294555664,706.4585571289062,91.70372009277344,106.15605926513672,148.69778442382812,92.60343170166016,32.47299575805664,43.37305450439453,174.48040771484375,24.131591796875,292.0191955566406,81.92122650146484,202.85679626464844,156.11004638671875,68.75286102294922,144.989501953125,101.95712280273438,990.3729248046875
2025-08-21,224.26551818847656,501.06658935546875,199.18179321289062,221.9499969482422,736.6854858398438,285.9986572265625,47.23114013671875,76.60630798339844,701.822021484375,91.13284301757812,106.84075164794922,150.95901489257812,92.49608612060547,32.911033630371094,43.65717697143555,174.56822204589844,24.47388458251953,295.4376525878906,83.2952880859375,203.19627380371094,155.3466796875,68.71397399902344,143.30616760253906,97.37466430664062,965.587890625
2025-08-22,227.11744689941406,504.037841796875,205.5037384033203,228.83999633789062,752.32421875,290.6790771484375,48.425132751464844,77.85633087158203,727.2500610351562,93.76083374023438,108.84590911865234,153.5113983154297,94.4478988647461,34.663177490234375,44.90144348144531,174.91944885253906,24.606998443603516,299.4014892578125,84.54354858398438,204.26318359375,155.28794860839844,68.19856262207031,143.94102478027344,96.25141906738281,954.4949340820312
2025-08-25,226.51914978027344,501.0865173339844,207.8969268798828,227.94000244140625,750.839111328125,289.3642578125,48.425132751464844,78.92919921875,724.2112426757812,93.50492858886719,109.29584503173828,153.53079223632812,95.81415557861328,34.702110290527344,45.45989227294922,174.0609130859375,23.903396606445312,296.9082336425781,82.55018615722656,201.30494689941406,152.82167053222656,67.0316162109375,142.5558624267578,95.49595642089844,937.6065063476562
2025-08-26,228.6630859375,498.8804931640625,206.5507354736328,228.7100067138672,751.636474609375,292.9653625488281,49.178714752197266,80.22844696044922,734.1707153320312,94.21359252929688,109.05131530761719,152.71559143066406,94.71139526367188,34.380882263183594,45.1071891784668,173.4515838623047,23.6942195892334,292.59381103515625,82.24053955078125,202.090576171875,152.6455078125,66.83712005615234,141.4015655517578,95.47608947753906,937.3676147460938
2025-08-27,229.8397674560547,503.5508728027344,206.88978576660156,229.1199951171875,744.9384765625,293.6620178222656,49.305946350097656,81.20288848876953,734.8765258789062,95.34549713134766,110.28375244140625,154.5401153564453,95.54090881347656,35.02333450317383,45.920372009277344,173.7464141845703,23.836841583251953,295.9538269042969,81.35030364990234,201.79959106445312,153.6144256591797,66.93437194824219,142.01718139648438,95.50590515136719,945.5130615234375
2025-08-28,231.9039306640625,506.4326477050781,211.03794860839844,231.60000610351562,748.65625,295.4184265136719,49.41360092163086,80.6910629272461,736.3959350585938,95.29627990722656,110.8706283569336,154.6177520751953,96.07765197753906,35.51003646850586,46.547401428222656,172.42947387695312,23.38995933532715,294.4053039550781,80.51812744140625,201.663818359375,152.33233642578125,66.47731018066406,141.38232421875,95.53572845458984,940.9722900390625
2025-08-29,231.485107421875,503.501220703125,212.30435180664062,229.0,736.286865234375,295.7618713378906,49.658267974853516,80.8879165649414,734.4544677734375,95.05021667480469,111.79006958007812,155.85997009277344,96.58512115478516,35.86046600341797,46.64537811279297,174.119873046875,23.542091369628906,301.7875671386719,81.398681640625,204.06919860839844,153.6927032470703,67.08995819091797,142.98870849609375,96.40052032470703,939.3391723632812
2025-09-02,229.0719451904297,501.9410705566406,210.74879455566406,225.33999633789062,732.7085571289062,294.07415771484375,49.3450927734375,80.49420166015625,720.2630004882812,93.28838348388672,112.18131256103516,157.0536651611328,96.6046371459961,34.94546127319336,47.07646179199219,174.99453735351562,23.75126838684082,300.7454833984375,82.71469116210938,205.54345703125,154.62246704101562,67.15802764892578,144.556640625,97.26532745361328,934.8582153320312
2025-09-03,237.79725646972656,502.1696472167969,230.00384521484375,225.99000549316406,734.6422119140625,293.8877258300781,48.99277114868164,79.2441635131836,719.977294921875,93.5344467163086,109.4621353149414,153.39492797851562,92.36922454833984,34.34202575683594,45.36191940307617,174.93557739257812,23.570615768432617,299.8494873046875,81.45674896240234,205.48526000976562,154.79861450195312,67.08995819091797,142.97911071777344,98.84583282470703,945.77197265625
2025-09-04,239.10353088378906,504.7731628417969,231.63917541503906,235.67999267578125,746.2042846679688,298.1168212890625,49.54082489013672,80.54341888427734,738.0516357421875,95.55219268798828,109.94140625,153.03585815429688,93.46222686767578,35.33303451538086,45.6656379699707,175.6824951171875,23.33291244506836,302.2842712402344,81.3309555053711,206.59095764160156,155.79689025878906,66.37034606933594,141.29576110839844,100.32691955566406,951.8660888671875
2025-09-05,239.01380920410156,491.8847961425781,234.33152770996094,232.3300018310547,749.9918823242188,288.8540344238281,48.979881286621094,77.71854400634766,727.5164184570312,93.89862823486328,106.84075164794922,149.12478637695312,90.71018981933594,35.1466064453125,44.97981643676758,175.35816955566406,23.656187057495117,307.16363525390625,81.96959686279297,206.1641845703125,156.60919189453125,66.08832550048828,142.19229125976562,99.90943908691406,959.4141235351562
2025-09-08,237.20892333984375,495.06463623046875,233.5829620361328,235.83999633789062,749.8423461914062,287.41162109375,48.674800872802734,77.89571380615234,731.1036987304688,94.36123657226562,107.44718170166016,149.4547576904297,89.1975326538086,35.10736083984375,44.4605598449707,175.06333923339844,23.342416763305664,311.8968200683594,81.3696517944336,203.4775390625,155.62071228027344,65.57291412353516,137.646484375,101.66885375976562,967.7487182617188
2025-09-09,233.6888885498047,495.2733459472656,239.1620330810547,238.24000549316406,763.1985473632812,292.2588806152344,49.49162292480469,79.49024200439453,752.85400390625,95.80809020996094,108.22969055175781,150.27967834472656,89.64645385742188,35.10736083984375,44.22541809082031,173.9134979248047,23.494548797607422,338.8451232910156,81.87283325195312,204.08859252929688,156.06114196777344,65.99108123779297,138.99664306640625,101.67879486083984,975.1175537109375
2025-09-10,226.1501922607422,497.2209777832031,238.70294189453125,230.3300018310547,749.5234375,294.89837646484375,49.334163665771484,79.0374755859375,758.4320068359375,95.6407699584961,110.03923034667969,153.1328887939453,92.04717254638672,35.480220794677734,45.61423873901367,172.76361083984375,23.361434936523438,337.73486328125,81.31159973144531,205.27188110351562,153.99609375,65.95218658447266,138.56924438476562,99.81002044677734,952.2543334960938
2025-09-11,229.3810577392578,497.8569641113281,239.9005889892578,229.9499969482422,748.4469604492188,299.82415771484375,49.9443244934082,79.97254180908203,773.3626098632812,97.26480102539062,109.68710327148438,153.57931518554688,91.86174774169922,35.352657318115234,45.32859420776367,175.42697143554688,23.637170791625977,344.3866882324219,82.39537048339844,213.5937042236328,155.2488250732422,65.75769805908203,140.09422302246094,102.0366439819336,960.2505493164062
2025-09-12,233.40968322753906,506.6910095214844,240.32977294921875,228.14999389648438,753.1216430664062,301.1488037109375,49.77701950073242,80.17922973632812,768.76025390625,97.87505340576172,109.70665740966797,152.4729766845703,90.20272064208984,34.90130615234375,44.98385238647461,174.99453735351562,22.69586944580078,343.31536865234375,80.13106536865234,211.770263671875,154.5343780517578,65.16448974609375,139.414306640625,102.87162780761719,963.8154296875
2025-09-15,236.03224182128906,512.1166381835938,251.11866760253906,231.42999267578125,762.2018432617188,303.1014404296875,49.786861419677734,80.13002014160156,775.3631591796875,98.21954345703125,109.89250183105469,152.6670684814453,90.1051254272461,34.11634826660156,44.786861419677734,174.3459014892578,22.79094696044922,340.9534606933594,79.17340087890625,211.062255859375,153.4871826171875,64.88031768798828,136.60716247558594,103.0704345703125,956.04833984375
2025-09-16,237.4781494140625,505.83642578125,250.66954040527344,234.0500030517578,776.4552001953125,303.385986328125,49.855751037597656,80.1103286743164,774.1510009765625,99.05615997314453,112.17153930664062,154.83123779296875,92.26187133789062,34.5775146484375,47.04245376586914,173.42210388183594,22.72439193725586,333.005126953125,79.2417984008789,209.75286865234375,154.6811981201172,64.90970611572266,136.01466369628906,102.80204010009766,948.05224609375
2025-09-17,238.3157958984375,506.81024169921875,249.042724609375,231.6199951171875,773.1858520507812,305.89794921875,50.58400344848633,81.18319702148438,782.7151489257812,100.15853881835938,112.76819610595703,155.36502075195312,91.55921936035156,34.13597106933594,46.48101806640625,174.14935302734375,22.86701202392578,334.79864501953125,79.2906723022461,214.16595458984375,156.91258239746094,65.69364929199219,137.1802520751953,103.64695739746094,958.966064453125
2025-09-18,237.20892333984375,505.2501525878906,251.537841796875,231.22999572753906,777.7010498046875,307.3501892089844,51.30241394042969,82.18716430664062,792.658935546875,100.79830932617188,111.43794250488281,154.15191650390625,91.2274169921875,34.0869140625,46.64846420288086,171.1616973876953,22.962093353271484,328.1440734863281,79.6717758178711,215.3104705810547,153.9667510986328,65.12528991699219,136.69459533691406,102.98096466064453,948.3410034179688
2025-09-19,244.8074188232422,514.67041015625,254.2225799560547,231.47999572753906,775.8372192382812,308.8710632324219,51.42050552368164,83.30923461914062,793.3389282226562,101.06405639648438,110.35221862792969,151.5995330810547,89.70500183105469,33.78274154663086,45.40739059448242,173.15675354003906,22.847999572753906,329.97674560546875,79.65223693847656,215.77601623535156,152.71400451660156,65.09588623046875,137.69505310058594,101.71855926513672,947.1460571289062
2025-09-22,255.35755920410156,511.21234130859375,252.036865234375,227.6300048828125,763.1751098632812,306.5749816894531,51.095741271972656,83.82106018066406,793.8908081054688,101.8613052368164,109.56971740722656,151.4442596435547,89.79283905029297,33.28232192993164,45.0724983215332,171.21083068847656,22.857505798339844,334.4948425292969,78.56753540039062,215.89239501953125,149.8073272705078,64.88031768798828,136.98599243164062,102.20561981201172,939.2794189453125
2025-09-23,253.7122344970703,506.0252685546875,251.16856384277344,220.7100067138672,753.4404907226562,306.8693542480469,50.87923812866211,83.0434799194336,794.6398315429688,101.37902069091797,111.45750427246094,152.7738037109375,91.21765899658203,33.84161376953125,45.72258377075195,173.54002380371094,22.943077087402344,340.7574462890625,78.13755798339844,215.9118194580078,149.2494659423828,65.37027740478516,137.83102416992188,101.90741729736328,939.617919921875
2025-09-24,251.5981903076172,506.9394226074219,246.6573944091797,220.2100067138672,758.686767578125,307.53662109375,50.87923812866211,82.7875747680664,780.9510498046875,100.0502700805664,112.05416107177734,154.48187255859375,93.32560729980469,33.959354400634766,46.185523986816406,173.64813232421875,22.905046463012695,344.7952880859375,77.85417175292969,213.37063598632812,149.17117309570312,65.11549377441406,138.09329223632812,102.11617279052734,941.281005859375
2025-09-25,256.14532470703125,503.8390808105469,245.3100128173828,218.14999389648438,746.9672241210938,307.5660705566406,51.02685546875,82.9942626953125,783.247314453125,100.50302124023438,113.06163024902344,155.97640991210938,94.47716522216797,33.93973159790039,46.28402328491211,174.67022705078125,22.43914794921875,338.66986083984375,75.83134460449219,211.96424865722656,148.90692138671875,64.65493774414062,135.90780639648438,102.43425750732422,939.3292236328125
2025-09-26,254.73931884765625,508.2411804199219,246.0585479736328,219.77999877929688,741.8206176757812,310.12701416015625,51.38113784790039,83.67342376708984,790.8850708007812,101.79241943359375,114.6559829711914,155.43295288085938,96.10693359375,34.85224914550781,46.75680923461914,176.61614990234375,22.591278076171875,337.2193908691406,76.76946258544922,213.9719696044922,149.2494659423828,64.35115814208984,136.41290283203125,102.5436019897461,912.084716796875
2025-09-29,253.7122344970703,511.36138916015625,243.5734100341797,222.1699981689453,741.4716186523438,309.7640075683594,51.587806701660156,83.31907653808594,792.4716186523438,101.53650665283203,111.72160339355469,151.49278259277344,93.5403060913086,34.449954986572266,47.37734603881836,178.49325561523438,22.676851272583008,338.2974853515625,76.78901672363281,216.44525146484375,150.2575225830078,64.71372985839844,136.15065002441406,102.46408081054688,913.0007934570312
2025-09-30,253.9116668701172,514.6903686523438,242.6252899169922,219.57000732421875,732.4749145507812,309.50885009765625,50.7709846496582,82.50212097167969,784.814208984375,99.90262603759766,110.28375244140625,150.7066650390625,92.31066131591797,33.7238655090332,46.54011535644531,182.22784423828125,24.226675033569336,338.4150390625,82.01707458496094,224.57308959960938,150.3749542236328,64.98810577392578,136.41290283203125,102.4441909790039,921.7238159179688
2025-10-01,254.72933959960938,516.4393310546875,244.4217529296875,220.6300048828125,715.4791870117188,304.8774719238281,49.87543487548828,79.59851837158203,774.13134765625,97.15653991699219,109.54037475585938,150.01763916015625,93.15970611572266,34.430335998535156,47.003055572509766,182.84698486328125,25.8715763092041,341.3552551269531,88.07576751708984,237.02676391601562,149.9149627685547,65.4388656616211,139.0354766845703,101.35076141357422,913.4688110351562
2025-10-02,256.40460205078125,512.4942626953125,245.210205078125,222.41000366210938,725.1639404296875,301.77679443359375,49.67860794067383,79.23432922363281,768.090087890625,95.80809020996094,108.8556900024414,148.8433380126953,91.12982177734375,33.46875762939453,43.565486907958984,182.7781982421875,25.74797248840332,346.6672058105469,87.46990203857422,229.44204711914062,148.80906677246094,64.77252197265625,138.22927856445312,101.09231567382812,912.9012451171875
2025-10-03,257.2920837402344,514.0940551757812,244.8708953857422,219.50999450683594,708.7167358398438,304.2102355957031,49.83606719970703,79.40164947509766,778.5364990234375,96.20179748535156,110.78260040283203,149.01803588867188,91.89103698730469,33.615928649902344,44.176170349121094,185.39239501953125,26.023710250854492,353.0179748535156,87.15718841552734,226.87179565429688,149.02438354492188,65.31147766113281,137.90875244140625,101.46011352539062,911.51708984375
2025-10-06,255.96583557128906,525.2435302734375,249.94094848632812,220.89999389648438,713.8035278320312,304.85113525390625,49.59003829956055,79.42134857177734,785.2380981445312,96.50692749023438,111.70203399658203,149.4741668701172,92.62295532226562,33.93973159790039,44.71791076660156,184.92066955566406,25.129945755004883,351.616455078125,86.77608489990234,223.2637176513672,147.20404052734375,64.77252197265625,135.69412231445312,102.08634185791016,907.0957641601562
2025-10-07,255.75645446777344,520.682373046875,245.2800750732422,221.77999877929688,711.230224609375,303.3819885253906,49.49162292480469,79.86426544189453,778.2113647460938,96.2608642578125,111.76072692871094,150.33790588378906,92.93524932861328,33.76311492919922,44.64896011352539,185.63809204101562,24.977815628051758,356.40899658203125,85.61320495605469,225.8242950439453,149.2886199951172,65.44866180419922,136.75286865234375,102.62311553955078,910.9395141601562
2025-10-08,257.3320007324219,521.546875,244.14230346679688,225.22000122070312,715.9779052734375,299.7732238769531,49.04876708984375,78.4764404296875,765.2616577148438,95.17816162109375,111.52597045898438,149.2024383544922,91.49090576171875,33.331390380859375,44.363319396972656,186.42431640625,24.41683578491211,362.5441589355469,84.43077850341797,224.28213500976562,147.47804260253906,64.79212188720703,134.85879516601562,102.28514862060547,910.9395141601562
2025-10-09,253.32330322265625,519.1123657226562,241.05833435058594,227.74000549316406,731.6072387695312,301.2522277832031,48.99956512451172,78.63391876220703,768.6616821289062,94.41043853759766,110.44026184082031,147.16441345214844,89.73428344726562,32.507179260253906,43.851131439208984,187.7904052734375,23.99847984313965,360.358642578125,85.50570678710938,223.74868774414062,147.37039184570312,65.03710174560547,140.5604705810547,101.16189575195312,938.9110107421875
2025-10-10,244.5780792236328,507.74432373046875,236.10801696777344,216.3699951171875,703.4703979492188,296.6772155761719,47.87765884399414,76.39961242675781,753.2876586914062,92.4517593383789,108.30794525146484,144.50526428222656,85.52813720703125,31.123685836791992,41.51673889160156,187.4365997314453,23.561105728149414,347.431640625,84.03012084960938,223.5643768310547,146.49937438964844,65.69364929199219,145.7764892578125,101.23148345947266,926.0853271484375
2025-10-13,246.96133422851562,510.81488037109375,243.6732177734375,220.07000732421875,713.8433837890625,303.6580810546875,48.084327697753906,77.67916870117188,775.3829345703125,94.58760833740234,109.78490447998047,147.45555114746094,86.64067077636719,31.663345336914062,41.782684326171875,187.61349487304688,23.513565063476562,351.5086975097656,83.74674224853516,223.37042236328125,144.3462677001953,65.45846557617188,144.62060546875,101.50980377197266,931.6119384765625
2025-10-14,247.07101440429688,510.337890625,244.97068786621094,216.38999938964844,706.811767578125,297.85052490234375,49.294795989990234,83.2304916381836,759.594970703125,98.26875305175781,109.83381652832031,147.89227294921875,86.04537200927734,31.957704544067383,41.64478302001953,187.56436157226562,23.31389617919922,352.7533874511719,82.76951599121094,222.23561096191406,145.9806671142578,66.15421295166016,147.19461059570312,106.56939697265625,942.5156860351562
2025-10-15,248.63658142089844,510.1987609863281,250.53977966308594,215.57000732421875,715.6885986328125,301.4100036621094,51.45003128051758,85.10062408447266,756.805908203125,98.2096939086914,109.16868591308594,147.6205291748047,85.62572479248047,31.957704544067383,41.25079345703125,187.87884521484375,23.190290451049805,353.94903564453125,82.19297790527344,220.9949493408203,144.27774047851562,65.73284149169922,146.8255157470703,108.3785171508789,950.9598999023438
2025-10-16,246.7519073486328,508.3902282714844,250.96896362304688,214.47000122070312,710.2228393554688,294.3600769042969,49.639244079589844,82.6792984008789,747.1085205078125,94.7450942993164,108.21990203857422,147.2323455810547,84.81573486328125,32.301124572753906,40.42341613769531,188.81248474121094,23.038158416748047,349.55841064453125,82.0073013305664,221.6299285888672,146.4113006591797,66.23259735107422,148.29220581054688,105.83382415771484,921.7138061523438
2025-10-17,251.5782470703125,510.347900390625,252.80535888671875,213.0399932861328,715.0602416992188,293.3938293457031,50.46590805053711,81.97061920166016,739.89453125,95.54235076904297,109.78490447998047,148.56192016601562,84.39610290527344,32.016578674316406,40.2855224609375,189.89356994628906,23.304386138916016,349.4897766113281,82.85748291015625,224.26759338378906,148.17291259765625,67.0655288696289,149.30239868164062,107.08628845214844,932.3787231445312
2025-10-20,261.50018310546875,513.53759765625,256.04901123046875,216.47999572753906,730.2706909179688,298.1265869140625,51.21384048461914,84.66753387451172,752.2626953125,97.73725128173828,110.23484802246094,149.92059326171875,84.96211242675781,32.801536560058594,40.4135627746582,190.38494873046875,23.475534439086914,357.2126770019531,84.35260772705078,226.70005798339844,148.7209930419922,67.0655288696289,149.23440551757812,106.41035461425781,932.1596069335938
2025-10-21,262.0286865234375,514.4021606445312,249.97091674804688,222.02999877929688,731.3678588867188,292.9303894042969,50.70209503173828,83.42735290527344,747.985595703125,96.70377349853516,110.24462890625,149.25096130371094,84.3277816772461,32.88984680175781,40.29536819458008,188.57662963867188,23.627662658691406,358.0848693847656,85.62297821044922,226.0455322265625,148.3882293701172,69.7896957397461,148.78758239746094,105.58531188964844,933.543701171875
2025-10-22,257.72088623046875,517.2640380859375,251.19850158691406,217.9499969482422,731.5074462890625,289.9920959472656,50.28876495361328,82.56118774414062,733.8138427734375,94.78446197509766,112.20088195800781,150.97842407226562,85.30368041992188,34.24390411376953,41.10304641723633,189.61839294433594,23.504056930541992,354.2822570800781,85.61320495605469,223.39813232421875,148.95587158203125,69.38792419433594,148.64187622070312,106.49981689453125,940.6934204101562
2025-10-23,258.84765625,517.283935546875,252.58578491210938,221.08999633789062,732.095947265625,290.4161376953125,50.93828582763672,83.13206481933594,739.9044189453125,95.16832733154297,113.44309997558594,151.93919372558594,87.90934753417969,35.33303451538086,42.23577117919922,189.15647888183594,23.456518173217773,353.2630310058594,85.19300079345703,222.97805786132812,148.9656524658203,68.53541564941406,147.16546630859375,106.22148895263672,938.0745239257812
2025-10-24,262.07855224609375,520.314697265625,259.4124450683594,224.2100067138672,736.444580078125,296.2335205078125,51.73542785644531,85.0514144897461,772.5248413085938,97.22543334960938,112.86600494384766,150.96871948242188,85.90874481201172,35.15642166137695,41.9304313659668,187.12208557128906,23.542091369628906,355.2721252441406,85.49594116210938,222.72409057617188,150.28330993652344,68.31002807617188,147.20433044433594,105.53560638427734,928.2063598632812
2025-10-27,268.0516357421875,528.1749877929688,268.7441711425781,226.97000122070312,748.872314453125,299.89154052734375,52.17828369140625,85.64197540283203,778.5463256835938,99.40065002441406,113.40397644042969,150.6969757080078,86.55284118652344,35.480220794677734,41.66448211669922,187.02381896972656,23.551597595214844,358.6827697753906,85.99431610107422,222.7631378173828,149.54417419433594,68.65299987792969,148.25335693359375,103.84577178955078,925.9259643554688
2025-10-28,268.2410888671875,538.6585693359375,266.9476623535156,229.25,749.49072265625,301.0845947265625,52.030662536621094,85.53369903564453,780.6160278320312,99.79436492919922,112.51388549804688,149.58091735839844,84.69862365722656,35.185855865478516,40.21657180786133,183.71185302734375,23.294878005981445,360.50567626953125,85.04642486572266,222.28443908691406,149.1795196533203,68.75099182128906,145.8153076171875,102.55352783203125,920.260009765625
2025-10-29,268.93914794921875,538.141845703125,274.0338134765625,230.3000030517578,749.7201538085938,301.2325134277344,51.745269775390625,84.6478500366211,771.716796875,97.5600814819336,113.90281677246094,150.5222930908203,85.9575424194336,36.13762283325195,39.9703254699707,183.3875274658203,23.095211029052734,348.176513671875,84.60668182373047,219.9398956298828,146.6171417236328,66.97733306884766,141.96888732910156,101.8477783203125,908.5695190429688
2025-10-30,270.63433837890625,522.451171875,280.9303283691406,222.86000061035156,664.7410888671875,305.1075134277344,52.1881217956543,84.63800811767578,778.7139282226562,98.64277648925781,112.18131256103516,148.9889373779297,86.01609802246094,35.63720703125,40.088523864746094,185.79534912109375,23.095211029052734,337.8760681152344,84.31352233886719,222.92919921875,147.41542053222656,67.59468078613281,143.31903076171875,101.61915588378906,916.2968139648438
2025-10-31,269.60723876953125,514.5512084960938,280.6408996582031,244.22000122070312,646.6680908203125,306.7639465332031,52.60145568847656,85.60260772705078,777.9354248046875,99.63687896728516,111.85853576660156,153.06497192382812,86.71874237060547,35.38209915161133,40.58101272583008,185.61843872070312,23.437501907348633,334.7496643066406,84.02035522460938,213.00387573242188,148.19398498535156,67.51628875732422,141.90089416503906,100.57543182373047,908.8876953125
2025-11-03,268.2909851074219,513.776123046875,283.1659240722656,254.0,636.0557861328125,305.0187683105469,52.70970916748047,85.92741394042969,774.1411743164062,100.6072006225586,111.27165985107422,149.49356079101562,86.43572998046875,36.32405090332031,40.30521774291992,183.05337524414062,23.447010040283203,327.13458251953125,80.60989379882812,207.06431579589844,145.8780059814453,66.60497283935547,139.48228454589844,100.98297119140625,925.4310302734375
2025-11-04,269.2781982421875,511.0931701660156,276.9980163574219,249.32000732421875,625.6926879882812,304.920166015625,52.69002914428711,85.76008605957031,779.374267578125,100.01313018798828,111.64334106445312,148.86276245117188,85.79164123535156,35.44096755981445,39.477840423583984,183.64305114746094,23.104717254638672,324.23358154296875,81.94867706298828,210.90353393554688,145.04029846191406,67.28111267089844,138.8023681640625,101.6589126586914,938.0953369140625
2025-11-05,269.3778991699219,503.9682312011719,283.75482177734375,250.1999969482422,634.30029296875,307.3161315917969,51.617332458496094,85.5829086303711,781.6015625,100.68641662597656,111.19342041015625,148.15431213378906,85.5866928100586,35.86288070678711,39.15279769897461,182.7978515625,23.39946937561035,321.2051696777344,82.46659088134766,211.7632293701172,143.6802520751953,67.13412475585938,138.7635040283203,100.86369323730469,932.4014282226562
2025-11-06,269.0089416503906,493.9715576171875,284.19390869140625,243.0399932861328,617.3344116210938,309.03179931640625,52.44399642944336,84.68722534179688,776.1713256835938,99.85469818115234,111.99547576904297,148.42604064941406,83.59585571289062,35.676456451416016,39.69453430175781,183.75115966796875,23.627662658691406,315.1484375,83.82491302490234,213.9807891845703,144.01535034179688,67.6730728149414,137.52020263671875,101.07244110107422,920.983642578125
2025-11-07,267.7126159667969,493.6933288574219,278.2854919433594,244.41000366210938,620.0972290039062,309.8106994628906,52.35542297363281,85.13247680664062,774.94921875,99.79529571533203,114.6559829711914,150.4446563720703,84.73765563964844,35.9708137512207,40.68935775756836,183.35804748535156,23.637338638305664,317.74560546875,84.31352233886719,214.0980224609375,144.85304260253906,69.1331558227539,138.85092163085938,101.97698974609375,920.1459350585938
2025-11-10,268.9303283691406,502.8155212402344,289.5334777832031,248.39999389648438,630.1211547851562,312.45318603515625,52.57193374633789,85.19184875488281,785.6519775390625,100.4883804321289,115.63410949707031,151.05606079101562,86.10393524169922,36.21611404418945,41.1719970703125,185.1663818359375,23.598636627197266,315.1679992675781,84.7728042602539,213.65841674804688,143.3944549560547,69.10374450683594,138.53038024902344,101.80802154541016,912.9861450195312
2025-11-11,274.73956298828125,505.4786682128906,290.7411193847656,249.10000610351562,625.453369140625,311.200927734375,52.77859878540039,85.28089904785156,798.572021484375,99.76559448242188,117.15998840332031,151.62864685058594,88.50464630126953,36.902957916259766,41.22124481201172,190.49305725097656,24.682296752929688,320.9210205078125,88.8770751953125,219.9691925048828,146.3904571533203,70.17186737060547,140.91986083984375,102.8219223022461,911.2908935546875
2025-11-12,272.962890625,507.9232177734375,286.15008544921875,244.1999969482422,607.43017578125,315.92388916015625,53.2509765625,85.35015869140625,826.8168334960938,101.85477447509766,115.53629302978516,148.79483032226562,86.9236831665039,35.39190673828125,41.300045013427734,191.04339599609375,25.030616760253906,332.29949951171875,89.36567687988281,227.843017578125,145.86813354492188,70.0738754272461,140.2496337890625,102.8219223022461,911.4305419921875
2025-11-13,272.4438171386719,500.1225891113281,278.0260314941406,237.5800018310547,608.3079223632812,305.1469421386719,52.030662536621094,83.80661010742188,793.8317260742188,99.67647552490234,116.19163513183594,150.9881134033203,87.26524353027344,35.62739944458008,41.388694763183594,191.88861083984375,24.953210830688477,325.889892578125,90.81195068359375,226.92474365234375,145.81886291503906,69.64271545410156,140.86158752441406,101.92730712890625,922.4793701171875
2025-11-14,271.90484619140625,506.96923828125,275.8702087402344,234.69000244140625,607.8790283203125,299.35906982421875,51.7747917175293,84.15292358398438,779.4530029296875,99.31013488769531,117.70126342773438,152.96791076660156,89.16825866699219,36.24555206298828,42.11757278442383,192.55690002441406,24.246896743774414,315.44244384765625,90.80217742919922,226.99313354492188,145.53305053710938,69.73090362548828,141.66778564453125,101.86766815185547,920.38525390625
2025-11-17,266.9639892578125,504.296142578125,284.4634094238281,232.8699951171875,600.4483032226562,296.1644592285156,50.6627311706543,82.54011535644531,764.325439453125,97.22096252441406,116.11270141601562,150.2505645751953,87.38548278808594,35.126983642578125,41.06364822387695,196.14407348632812,24.26624870300293,314.129150390625,90.74354553222656,228.5952606201172,143.7098388671875,69.26054382324219,143.59100341796875,102.33485412597656,910.0244750976562
2025-11-18,266.94403076171875,490.6824035644531,283.7248229980469,222.5500030517578,596.1395874023438,295.2179260253906,50.820194244384766,82.97547149658203,765.0546875,97.34967803955078,117.44471740722656,150.75103759765625,88.33104705810547,35.36247253417969,41.88117980957031,196.55682373046875,24.624244689941406,307.3275451660156,94.232177734375,228.46824645996094,144.86289978027344,69.7896957397461,144.50404357910156,100.78417205810547,892.563720703125
2025-11-19,268.0619812011719,484.0543518066406,292.2381896972656,222.69000244140625,588.7886352539062,299.02386474609375,51.194156646728516,83.27230834960938,774.6043090820312,98.84477233886719,115.78709411621094,148.8668975830078,86.6566162109375,35.185855865478516,40.8272590637207,199.02362060546875,24.072736740112305,302.9270935058594,92.88363647460938,227.53042602539062,144.86289978027344,69.6819076538086,142.89163208007812,100.00883483886719,888.0963134765625
2025-11-20,265.7562561035156,476.3088684082031,288.884765625,217.13999938964844,587.6217651367188,294.2023620605469,50.19035339355469,81.53087615966797,762.4923706054688,96.6664810180664,115.46148681640625,147.50283813476562,86.15428161621094,34.5284538269043,40.59086227416992,199.573974609375,23.608312606811523,305.3282165527344,92.80545043945312,224.1503448486328,146.0455322265625,69.77989959716797,141.91061401367188,106.47000122070312,890.7787475585938
2025-11-21,270.98651123046875,470.0268249511719,299.0747985839844,220.69000244140625,592.70849609375,293.8473815917969,50.741458892822266,82.23338317871094,762.8175659179688,97.72592163085938,115.52069091796875,147.17901611328125,86.05579376220703,35.5096549987793,40.817405700683594,200.3896942138672,24.227548599243164,313.5901184082031,95.53186798095703,230.82257080078125,148.73602294921875,71.48495483398438,142.13400268554688,104.69068908691406,896.482666015625
2025-11-24,275.4083557128906,471.8985290527344,317.9578552246094,226.27999877929688,611.459716796875,293.8276672363281,51.1055908203125,83.76703643798828,779.2559814453125,98.7061538696289,114.42547607421875,146.95330810546875,86.24292755126953,35.03867721557617,40.80755615234375,202.50267028808594,24.401704788208008,312.6884765625,98.11170196533203,224.20895385742188,144.85304260253906,71.1321792602539,141.3278045654297,103.43821716308594,883.62890625
2025-11-25,276.45635986328125,474.8752136230469,322.8083801269531,229.6699981689453,634.569580078125,298.75762939453125,51.646854400634766,84.202392578125,790.69775390625,100.17154693603516,112.98491668701172,145.75608825683594,85.31707000732422,35.22510528564453,40.78785705566406,204.401611328125,24.885480880737305,319.7743225097656,103.25182342529297,226.44606018066406,146.3411865234375,71.15178680419922,141.92031860351562,106.36064910888672,891.8157958984375
2025-11-26,277.0353088378906,483.3475036621094,319.3252258300781,229.16000366210938,631.9664306640625,303.33270263671875,52.148765563964844,84.65753936767578,804.189453125,101.48841857910156,113.241455078125,146.71778869628906,85.77999877929688,34.98961639404297,40.797706604003906,205.28182983398438,24.875804901123047,323.13592529296875,102.24527740478516,222.40170288085938,146.1046600341797,71.4163589477539,143.7366943359375,108.44810485839844,905.7066650390625
2025-11-28,278.3328857421875,489.82867431640625,319.55474853515625,233.22000122070312,646.2691650390625,308.6965026855469,52.798282623291016,84.9444808959961,814.0741577148438,102.57756042480469,114.37613677978516,148.3075408935547,87.3559341430664,35.558712005615234,41.36899185180664,204.64886474609375,24.90483283996582,323.1947326660156,102.44072723388672,222.44076538085938,146.01597595214844,71.65154266357422,144.4748992919922,109.84967803955078,911.021728515625
2025-12-01,282.57501220703125,484.5820007324219,314.2751159667969,233.8800048828125,639.2075805664062,304.59478759765625,52.39479064941406,84.49923706054688,799.1140747070312,101.66664123535156,115.0766830444336,149.69119262695312,88.9023208618164,35.91194152832031,41.70388412475586,203.08619689941406,24.450084686279297,316.7655334472656,99.50909423828125,219.9105987548828,145.306396484375,71.00025177001953,145.2228240966797,110.86357879638672,909.396240234375
2025-12-02,285.6592712402344,487.82757568359375,315.1932678222656,234.4199981689453,645.4213256835938,303.5693359375,52.345584869384766,85.4095230102539,807.3839111328125,102.1716079711914,113.84333038330078,147.4439697265625,87.94691467285156,35.676456451416016,41.34929275512695,203.1653289794922,24.33397674560547,318.0690002441406,98.72733306884766,219.1876678466797,143.74925231933594,69.73715209960938,144.3486328125,111.73832702636719,919.43798828125
2025-12-03,283.623046875,475.6119689941406,319.0058288574219,232.3800048828125,637.9408569335938,307.75982666015625,53.231292724609375,88.40756225585938,828.538818359375,105.66677856445312,116.2311019897461,148.75894165039062,90.42900085449219,37.135162353515625,41.812232971191406,203.07630920410156,24.74034881591797,332.9365539550781,99.93907165527344,224.92210388183594,144.5869598388672,69.87529754638672,143.81439208984375,113.72637176513672,919.6672973632812
2025-12-04,280.179443359375,478.7081604003906,316.999755859375,229.11000061035156,659.81396484375,311.6742858886719,53.3001823425293,89.25849151611328,829.7868041992188,106.7262191772461,115.57988739013672,149.4164276123047,91.71929931640625,37.6988639831543,42.02892303466797,200.25759887695312,24.866132736206055,326.8405456542969,98.59052276611328,223.4274444580078,143.25650024414062,69.52005004882812,142.6973876953125,114.15380859375,893.3414916992188
2025-12-05,278.26300048828125,481.01788330078125,320.64263916015625,229.52999877929688,671.673095703125,310.6291198730469,53.36943435668945,88.88250732421875,846.3561401367188,107.80545043945312,114.9878921508789,147.19863891601562,92.28072357177734,38.03510665893555,41.79253387451172,199.713623046875,25.1854248046875,324.3119812011719,97.44719696044922,220.85818481445312,141.37413024902344,69.07598876953125,142.2393341064453,114.42218780517578,892.1648559570312
2025-12-08,277.3746643066406,488.8430480957031,313.3121643066406,226.88999938964844,665.0702514648438,310.79669189453125,53.319969177246094,89.11006927490234,858.3696899414062,107.84505462646484,114.43534088134766,145.9327392578125,91.48290252685547,37.817543029785156,40.738609313964844,199.4070281982422,24.933860778808594,319.2998352050781,96.6751937866211,217.966552734375,136.33807373046875,69.32269287109375,142.837646484375,112.8814468383789,885.0250244140625
2025-12-09,276.6659851074219,489.8385925292969,316.66778564453125,227.9199981689453,655.2557983398438,296.30255126953125,52.963844299316406,87.9524154663086,868.164794921875,108.35002899169922,116.67510986328125,145.71685791015625,92.0246353149414,37.87687683105469,40.925750732421875,197.7652587890625,24.508136749267578,319.28009033203125,94.68169403076172,217.8395538330078,137.60940551757812,69.164794921875,141.86660766601562,114.37248992919922,885.9423828125
2025-12-10,278.26300048828125,476.4382629394531,319.7937316894531,231.77999877929688,648.4434814453125,305.76806640625,53.4980354309082,89.73342895507812,880.7032470703125,109.99363708496094,117.94792938232422,148.58230590820312,95.34394836425781,39.488868713378906,41.36166000366211,204.2730255126953,24.94353675842285,323.9864196777344,95.39505767822266,219.9789581298828,137.79666137695312,69.2832260131836,146.82960510253906,112.50371551513672,871.9517822265625
2025-12-11,277.514404296875,481.3265075683594,312.02386474609375,230.27999877929688,651.016845703125,312.9363098144531,53.97286605834961,91.6133804321289,902.2840576171875,110.6372299194336,117.94792938232422,147.9051971435547,95.25529479980469,39.89434051513672,40.816776275634766,207.70494079589844,24.962886810302734,332.2348327636719,96.75337982177734,218.8066864013672,138.72305297851562,68.19773864746094,146.1822509765625,114.8297348022461,881.9935302734375
2025-12-12,277.763916015625,476.4084167480469,308.887939453125,226.19000244140625,642.558837890625,314.06036376953125,54.54662322998047,91.7815933227539,879.435546875,110.69664001464844,117.23751831054688,147.18882751464844,94.10289764404297,39.0141716003418,40.687984466552734,209.25772094726562,25.011266708374023,337.2765808105469,98.01397705078125,218.1619415283203,140.77294921875,69.58912658691406,147.76138305664062,116.23915100097656,881.9835205078125
2025-12-15,273.6016540527344,472.7148742675781,307.8193359375,222.5399932861328,646.3570556640625,315.5393371582031,54.73458480834961,91.92012786865234,881.0499267578125,111.68677520751953,116.19164276123047,147.00238037109375,92.94064331054688,38.47024917602539,39.816165924072266,211.81927490234375,25.572446823120117,336.5464782714844,98.8122787475586,222.19654846191406,143.02981567382812,70.03319549560547,148.32046508789062,116.32879638671875,858.1407470703125
2025-12-16,274.1007385253906,474.2779235839844,306.1714782714844,222.55999755859375,655.9799194335938,311.1319580078125,54.220176696777344,91.21761322021484,870.7100830078125,110.18177032470703,113.15265655517578,144.0093231201172,89.40464782714844,37.19449996948242,38.557979583740234,207.0027313232422,24.701648712158203,329.7386169433594,96.85101318359375,218.50384521484375,143.10865783691406,69.44110870361328,147.48675537109375,114.9642105102539,857.9712524414062
2025-12-17,271.33587646484375,474.00909423828125,296.3342590332031,221.27000427246094,648.343505859375,310.5699462890625,53.962974548339844,91.6133804321289,863.9556274414062,110.35999298095703,115.84630584716797,146.7276153564453,93.5316162109375,38.104331970214844,40.252079010009766,208.02142333984375,24.227548599243164,327.2029113769531,97.74787139892578,219.12905883789062,145.67103576660156,69.73715209960938,147.2023162841797,115.2032699584961,860.2249145507812
2025-12-18,271.68524169921875,481.8342590332031,302.0668029785156,226.75999450683594,663.266845703125,308.6176452636719,53.67609405517578,90.51509857177734,867.887451171875,111.71646881103516,114.9878921508789,144.93179321289062,90.84268951416016,37.70875549316406,39.360450744628906,206.02359008789062,24.227548599243164,323.7594909667969,99.23606872558594,217.67347717285156,143.41416931152344,69.43123626708984,146.50592041015625,114.37654113769531,855.1791381835938
2025-12-19,273.1625061035156,483.7656555175781,306.7607116699219,227.35000610351562,657.5969848632812,312.7686767578125,54.675228118896484,92.02896118164062,884.9024658203125,113.7264404296875,115.1358871459961,144.9906463623047,90.55704498291016,37.65930938720703,39.251468658447266,204.1049041748047,24.3726806640625,323.0491027832031,99.63029479980469,221.5811004638672,142.3695068359375,69.13520050048828,145.3191375732422,113.90840148925781,853.2146606445312
2025-12-22,270.4674987792969,482.7701110839844,309.3773193359375,228.42999267578125,660.3221435546875,318.5663757324219,55.278663635253906,93.28556060791016,890.3695068359375,116.92455291748047,116.57644653320312,147.00238037109375,91.90644073486328,37.90654754638672,39.89542770385742,205.04446411132812,24.39202880859375,320.81927490234375,103.20787811279297,222.6459197998047,140.6251220703125,69.2832260131836,144.23040771484375,112.15534210205078,847.6104125976562
2025-12-23,271.85491943359375,484.6915588378906,313.94134521484375,232.13999938964844,663.7559814453125,321.3666076660156,55.36769485473633,93.47356414794922,893.0535888671875,118.22163391113281,117.82952880859375,147.69911193847656,91.33517456054688,37.77798080444336,39.72700500488281,203.52137756347656,24.072736740112305,320.46405029296875,103.52326202392578,223.5055694580078,141.10801696777344,68.94770812988281,140.92503356933594,110.4620590209961,852.386962890625
2025-12-24,273.3022155761719,485.8563232421875,313.6816711425781,232.3800048828125,666.361328125,324.5612487792969,55.64468002319336,94.29480743408203,902.0364379882812,120.36031341552734,117.63218688964844,147.68931579589844,90.41915893554688,37.5505256652832,39.62793731689453,205.49942016601562,24.217870712280273,323.20697021484375,104.91289520263672,224.58018493652344,142.3990936279297,69.1845474243164,140.98388671875,111.16925811767578,869.4089965820312
2025-12-26,272.89300537109375,485.5477294921875,313.10247802734375,232.52000427246094,662.1089477539062,323.31890869140625,55.5655403137207,94.25523376464844,898.332275390625,119.2315673828125,117.5236587524414,147.21826171875,90.1630630493164,37.37251281738281,39.479331970214844,205.35107421875,24.275924682617188,327.40020751953125,105.23812866210938,224.66810607910156,142.6454620361328,68.94770812988281,141.02310180664062,111.29874420166016,870.894775390625
2025-12-29,273.2523498535156,484.9404296875,313.15240478515625,232.07000732421875,657.5171508789062,319.2171325683594,54.754364013671875,93.52302551269531,883.614990234375,116.96416473388672,118.92474365234375,148.17015075683594,91.23666381835938,37.481300354003906,40.034122467041016,205.28182983398438,24.1888427734375,324.548828125,105.0804443359375,225.50823974609375,142.47792053222656,69.23388671875,141.4742889404297,112.08562469482422,865.4003295898438
2025-12-30,272.57354736328125,485.3187561035156,313.4420166015625,232.52999877929688,664.7642211914062,318.89178466796875,54.68511962890625,93.31524658203125,875.929443359375,116.05325317382812,119.37861633300781,149.46548461914062,92.68455505371094,38.124114990234375,41.07435607910156,204.6389617919922,24.179166793823242,327.7257995605469,104.52852630615234,224.43365478515625,141.96543884277344,69.14506530761719,141.3958282470703,111.47803497314453,863.2164916992188
2025-12-31,271.3558349609375,481.4758605957031,312.5931091308594,230.82000732421875,658.9146118164062,317.70855712890625,54.40813064575195,92.21694946289062,870.5615234375,115.53837585449219,118.73727416992188,149.56362915039062,92.2019271850586,37.95599365234375,40.737518310546875,204.67852783203125,24.09208869934082,325.70318603515625,103.74008178710938,223.2125244140625,141.2361602783203,68.9871826171875,140.7681121826172,110.97005462646484,859.9158325195312
2026-01-02,270.5074462890625,470.84320068359375,314.74029541015625,226.5,649.2518310546875,320.92291259765625,55.3479118347168,94.19585418701172,905.5623168945312,117.5285415649414,121.01651763916016,152.9884490966797,95.24544525146484,39.75588607788086,41.985801696777344,205.0741424560547,24.363004684448242,331.9092102050781,104.91289520263672,224.01358032226562,139.73814392089844,68.20761108398438,139.50282287597656,112.3147201538086,852.0977783203125
2026-01-05,266.764404296875,470.75360107421875,316.1285095214844,233.05999755859375,657.616943359375,329.3630676269531,56.277793884277344,95.36341094970703,939.3348999023438,122.08314514160156,123.69042205810547,160.7899932861328,97.70783996582031,43.31611633300781,40.84649658203125,202.0675048828125,24.353328704833984,337.4541931152344,105.88860321044922,215.09445190429688,138.3386993408203,67.04318237304688,137.23712158203125,112.2649154663086,873.278076171875
2026-01-06,261.87347412109375,476.3885192871094,313.9313659667969,240.92999267578125,659.4436645507812,331.41326904296875,56.63391876220703,95.37330627441406,946.2974243164062,121.2910385131836,119.43782043457031,153.6165008544922,95.64927673339844,43.14799499511719,41.35175323486328,202.542236328125,24.60489273071289,344.3114013671875,107.29795837402344,218.75784301757812,137.88536071777344,66.94449615478516,136.2955322265625,113.88847351074219,886.6004638671875
2026-01-07,259.84722900390625,481.3265075683594,321.56146240234375,241.55999755859375,647.534912109375,323.8660888671875,55.04124450683594,93.29546356201172,931.9861450195312,120.17218780517578,116.91191101074219,152.30152893066406,92.52696990966797,41.901912689208984,40.60873031616211,205.2126007080078,24.459758758544922,337.13848876953125,107.03184509277344,228.02865600585938,136.0424041748047,66.64846801757812,134.38291931152344,112.2748794555664,880.098876953125
2026-01-08,258.55963134765625,475.9902648925781,325.0169372558594,246.2899932861328,644.9096069335938,326.63934326171875,55.575435638427734,94.59164428710938,925.8555297851562,119.4097900390625,121.27305603027344,156.27587890625,97.23506927490234,43.93915557861328,42.8278923034668,203.49169921875,24.46943473815918,342.2197265625,109.38733673095703,218.95323181152344,139.48190307617188,68.45431518554688,136.69766235351562,112.62348937988281,912.73681640625
2026-01-09,258.8890075683594,477.15509033203125,328.14288330078125,247.3800048828125,651.8971557617188,326.0450744628906,55.24898147583008,94.93795013427734,929.9656982421875,120.1226806640625,122.95040893554688,159.08248901367188,96.04326629638672,44.70064926147461,42.461334228515625,202.14663696289062,24.653270721435547,339.3880310058594,108.9339828491211,214.99676513671875,139.81698608398438,69.57926177978516,137.22732543945312,114.07772827148438,922.2799682617188
2026-01-12,259.7673645019531,475.06439208984375,331.4285888671875,246.47000122070312,640.8268432617188,321.38995361328125,54.59608840942383,93.95838928222656,940.4342041015625,116.53840637207031,122.37812805175781,159.30816650390625,94.0634994506836,44.65120315551758,42.32263946533203,207.4181365966797,24.450084686279297,335.9643859863281,107.61333465576172,214.9576873779297,141.3839874267578,69.56939697265625,138.64952087402344,117.50414276123047,940.4288330078125
2026-01-13,260.5658874511719,468.5832824707031,335.5332336425781,242.60000610351562,629.96630859375,307.9297790527344,53.95308303833008,92.57315826416016,929.1437377929688,115.15222930908203,124.85469818115234,160.80960083007812,95.0090560913086,45.39291763305664,42.90715026855469,211.30499267578125,24.33397674560547,329.47216796875,106.69676208496094,215.6512908935547,142.15269470214844,70.29962921142578,140.72886657714844,119.88470458984375,939.281982421875
2026-01-14,259.4779052734375,457.3433532714844,335.4034118652344,236.64999389648438,614.4240112304688,304.9287414550781,51.915252685546875,88.30862426757812,923.71630859375,111.30062866210938,128.4659423828125,164.11668395996094,98.8306884765625,46.45109558105469,43.90775680541992,216.1511993408203,24.750024795532227,330.4884338378906,109.40705871582031,216.7649688720703,144.232177734375,70.49698638916016,143.1220703125,119.56597137451172,948.3065185546875
2026-01-15,257.7311706542969,454.6354064941406,332.347412109375,238.17999267578125,619.694580078125,306.30548095703125,52.02406692504883,88.02167510986328,966.4916381835938,116.30077362060547,127.41020965576172,163.0568389892578,97.44190979003906,46.055511474609375,42.76845169067383,217.16001892089844,25.04996681213379,334.4350280761719,109.36763000488281,211.74366760253906,142.53704833984375,69.5496597290039,143.75962829589844,118.72927856445312,954.060302734375
2026-01-16,255.05612182617188,457.8211975097656,329.5710144042969,239.1199951171875,619.1455688476562,309.48480224609375,52.39997863769531,87.44779205322266,952.7647094726562,116.87505340576172,128.1600799560547,163.15496826171875,96.7130355834961,46.2137451171875,42.30282211303711,216.25999450683594,24.817752838134766,326.6010437011719,107.25853729248047,211.08389282226562,142.43849182128906,69.51018524169922,143.51441955566406,119.22730255126953,960.9010620117188
2026-01-20,246.2425079345703,452.5048522949219,321.5814208984375,231.0,603.0443115234375,299.8477478027344,51.53934097290039,85.74594116210938,934.3135986328125,111.68677520751953,128.72250366210938,162.21290588378906,94.08319854736328,45.93684005737305,41.847103118896484,215.81494140625,24.691972732543945,333.912109375,107.86957550048828,210.7786102294922,144.8727569580078,70.80289459228516,144.82872009277344,118.24121856689453,961.5491943359375
2026-01-21,247.1907501220703,442.1409912109375,327.953125,231.30999755859375,611.8685913085938,299.15447998046875,51.50966262817383,85.21163940429688,943.861083984375,112.73631286621094,131.83055114746094,163.61618041992188,95.68868255615234,47.983970642089844,43.10528564453125,215.6171417236328,25.04996681213379,343.1076965332031,109.505615234375,212.8564453125,143.9463653564453,71.05946350097656,143.92636108398438,118.8886489868164,980.096923828125
2026-01-22,247.8894500732422,449.1398620605469,330.11029052734375,234.33999633789062,646.476806640625,300.729248046875,51.88557434082031,87.11138153076172,945.4853515625,114.51854705810547,131.8601531982422,163.54751586914062,95.42273712158203,48.77513122558594,42.74863815307617,216.0918731689453,25.25315284729004,349.7380065917969,107.60347747802734,214.78659057617188,147.76034545898438,70.92131042480469,141.63121032714844,117.36469268798828,973.4257202148438
2026-01-23,247.58001708984375,463.8841857910156,327.5036926269531,239.16000366210938,657.5870361328125,294.8757019042969,51.163429260253906,86.04277801513672,910.0586547851562,112.46896362304688,133.17242431640625,163.60638427734375,96.8706283569336,48.60701370239258,43.68980026245117,217.7237548828125,25.233476638793945,351.5041198730469,106.617919921875,215.9190673828125,149.02780151367188,71.91797637939453,141.80776977539062,117.26509094238281,980.48583984375
2026-01-26,254.93637084960938,468.1949768066406,332.8267822265625,238.4199981689453,671.1627197265625,298.16400146484375,51.460201263427734,87.12128448486328,922.9140625,113.68682861328125,133.0441436767578,164.37181091308594,96.96912384033203,49.150936126708984,43.511474609375,219.05894470214844,25.459741592407227,346.9457702636719,105.84918212890625,217.40606689453125,148.3727569580078,71.60220336914062,143.07302856445312,117.17544555664062,974.9215698242188
2026-01-27,257.7910461425781,478.4493408203125,334.1150817871094,244.67999267578125,671.7716674804688,297.44097900390625,51.608585357666016,87.7743148803711,920.7946166992188,113.65713500976562,135.00765991210938,165.8928680419922,98.36776733398438,50.10032653808594,44.13561248779297,221.9765625,26.06967544555664,278.92608642578125,106.3616714477539,220.51791381835938,147.23133850097656,72.57913208007812,145.92724609375,116.47821044921875,967.5523681640625
2026-01-28,255.96444702148438,479.4946594238281,335.57318115234375,243.00999450683594,667.5391845703125,297.89654541015625,51.25246047973633,87.10149383544922,927.8165283203125,113.07295227050781,135.74766540527344,166.7564239501953,99.86489868164062,48.33010482788086,44.41301345825195,225.22056579589844,25.440067291259766,290.094970703125,105.35640716552734,215.3380584716797,146.2388153076172,72.09559631347656,145.65261840820312,116.10966491699219,958.0790405273438
2026-01-29,257.801025390625,431.57806396484375,337.810302734375,241.72999572753906,736.995361328125,303.49261474609375,52.50879669189453,89.6839599609375,931.0947875976562,114.06307983398438,138.63864135742188,167.99290466308594,101.25369262695312,47.91474533081055,44.997520446777344,224.79527282714844,25.676170349121094,288.3880920410156,106.77560424804688,217.07122802734375,148.77967834472656,72.4607162475586,145.83897399902344,116.94635772705078,950.211181640625
2026-01-30,258.99884033203125,428.3822937011719,337.56060791015625,239.3000030517578,715.2241821289062,302.9676818847656,52.62750244140625,89.5355453491211,926.4299926757812,114.56804656982422,139.51678466796875,173.5962677001953,102.66218566894531,47.84552001953125,44.96780014038086,224.75570678710938,26.010648727416992,283.099609375,108.677734375,219.61192321777344,150.63571166992188,73.82250213623047,150.6842498779297,118.66951751708984,938.8876342773438
2026-02-02,269.50927734375,421.49298095703125,343.2431945800781,242.9600067138672,705.152099609375,305.1961975097656,53.44856643676758,91.29676818847656,937.2451782226562,115.68277740478516,136.55674743652344,170.7798614501953,100.25888061523438,47.519161224365234,43.3925895690918,228.21731567382812,26.227075576782227,281.77752685546875,111.73297882080078,222.2018585205078,152.0450897216797,74.33563995361328,152.22413635253906,123.5700912475586,966.9569091796875
2026-02-03,268.98028564453125,409.3868713378906,339.26837158203125,238.6199951171875,690.4683227539062,311.8420715332031,53.864051818847656,91.33634185791016,929.9755859375,117.15580749511719,141.81576538085938,174.7149658203125,103.33196258544922,49.210269927978516,44.839012145996094,230.54151916503906,25.351530075073242,280.3863220214844,114.16730499267578,222.2215576171875,154.1591796875,75.87504577636719,159.7274627685547,127.20568084716797,976.5030517578125
2026-02-04,275.97723388671875,412.35369873046875,332.6070861816406,232.99000549316406,667.798828125,314.2389221191406,54.78404235839844,92.1575927734375,904.5322265625,116.87712860107422,145.6243438720703,177.8453826904297,105.97163391113281,50.7827033996582,46.255706787109375,231.89646911621094,26.345129013061523,272.2366027832031,116.6213607788086,213.80181884765625,155.6975860595703,76.32897186279297,162.99359130859375,127.4945297241211,976.9324340820312
2026-02-05,275.3983459472656,391.9246520996094,330.81939697265625,222.69000244140625,669.0166625976562,307.1968688964844,54.34877395629883,91.03951263427734,881.8619995117188,115.19508361816406,144.13446044921875,175.8827362060547,103.4009017944336,48.96303176879883,44.67059326171875,235.18002319335938,26.059837341308594,264.9649963378906,118.0208511352539,215.68272399902344,157.42459106445312,77.47366333007812,164.31771850585938,126.43872833251953,987.8565673828125
2026-02-06,277.6042175292969,399.3615417480469,322.4402770996094,210.32000732421875,660.2822265625,319.3199462890625,55.92166519165039,93.4358139038086,919.8339233398438,122.11236572265625,147.06491088867188,177.4822998046875,106.00119018554688,50.139888763427734,45.87924575805664,237.3558807373047,26.777982711791992,272.95684814453125,120.16937255859375,220.0255126953125,157.9803924560547,77.98680114746094,167.22096252441406,130.66197204589844,999.7093505859375
2026-02-09,274.3672180175781,411.76629638671875,323.8984069824219,208.72000122070312,676.0140991210938,319.0228271484375,55.802955627441406,94.07217407226562,934.5612182617188,123.18727111816406,149.19615173339844,179.1898193359375,107.06494140625,49.98165512084961,46.22598648071289,236.02069091796875,26.610742568969727,272.01953125,115.951171875,219.8581085205078,156.15415954589844,76.94078826904297,163.27804565429688,128.51051330566406,996.1445922851562
2026-02-10,273.4280700683594,411.437744140625,318.16583251953125,206.9600067138672,669.525634765625,315.2392883300781,54.79393768310547,91.38752746582031,939.879638671875,121.57490539550781,149.57107543945312,178.8561553955078,105.88299560546875,49.76408386230469,45.83961486816406,235.73390197753906,27.161649703979492,269.5726623535156,115.4583969116211,219.0506134033203,157.8910675048828,75.79609680175781,163.76846313476562,126.19966125488281,969.82275390625
2026-02-11,275.24639892578125,402.5771789550781,310.55572509765625,204.0800018310547,667.4993286132812,307.8505859375,53.270503997802734,88.44434356689453,935.5219116210938,116.83731079101562,153.4882049560547,182.34967041015625,109.53718566894531,51.291080474853516,46.800594329833984,238.21633911132812,27.279701232910156,275.18670654296875,117.58719635009766,217.52423095703125,158.80419921875,77.56246948242188,165.9066619873047,128.26148986816406,976.7227783203125
2026-02-12,261.4891052246094,400.05841064453125,308.59832763671875,199.60000610351562,648.6529541015625,299.74871826171875,51.95481872558594,85.79946899414062,895.8662109375,110.62669372558594,148.91920471191406,178.99354553222656,109.16291046142578,50.375877380371094,45.066871643066406,241.86582946777344,27.023921966552734,280.57379150390625,117.5182113647461,224.0335235595703,160.00515747070312,77.95719146728516,163.99404907226562,133.1122589111328,997.4127197265625
2026-02-13,255.5445556640625,399.5407409667969,305.32257080078125,198.7899932861328,638.6307983398438,299.6595458984375,51.9844970703125,86.48554992675781,896.4506225585938,110.33805847167969,147.44918823242188,180.30853271484375,109.7538833618164,50.12717819213867,45.641475677490234,240.7779083251953,27.132137298583984,289.2760314941406,119.65689086914062,227.97256469726562,158.87368774414062,77.64141845703125,162.75820922851562,133.36126708984375,1017.0042724609375
2026-02-17,263.6371154785156,395.1004943847656,301.6273498535156,201.14999389648438,638.1516723632812,304.19580078125,52.172454833984375,86.90316009521484,907.2459106445312,113.24430847167969,145.20443725585938,178.91131591796875,107.14374542236328,49.580047607421875,45.5126838684082,240.6592254638672,26.925548553466797,285.23077392578125,119.81456756591797,229.3118438720703,158.35755920410156,78.50979614257812,158.81529235839844,128.34117126464844,1010.5836181640625
2026-02-18,264.106689453125,397.8283386230469,302.9356689453125,204.7899932861328,642.0746459960938,305.8300476074219,52.78578186035156,88.05656433105469,924.76611328125,115.72258758544922,149.66415405273438,182.20118713378906,109.70470428466797,51.3209228515625,46.67180252075195,242.30101013183594,26.925548553466797,284.3526916503906,119.90327453613281,225.23492431640625,155.6876678466797,78.44071960449219,161.2379150390625,126.11997985839844,994.6367797851562
2026-02-19,260.3401184082031,397.5988464355469,302.456298828125,204.86000061035156,643.6318969726562,305.1070251464844,52.20213317871094,87.07218933105469,907.85009765625,115.0059814453125,149.95220947265625,183.10292053222656,110.76681518554688,51.271183013916016,51.050689697265625,244.19993591308594,26.423830032348633,286.0595703125,120.10037994384766,220.9315185546875,157.3749542236328,77.86837768554688,161.43409729003906,124.37689208984375,986.3887329101562
2026-02-20,264.3364562988281,396.37152099609375,314.570556640625,210.11000061035156,654.4925537109375,307.82086181640625,52.489009857177734,88.19576263427734,913.3864135742188,115.453857421875,146.28707885742188,182.26063537597656,109.71463775634766,50.584781646728516,51.35780715942383,239.8284454345703,26.217239379882812,286.1286315917969,120.49461364746094,221.38449096679688,159.578369140625,78.78610229492188,161.7773895263672,122.50431823730469,983.8424072265625
2026-02-23,265.9349670410156,383.6390686035156,311.0850524902344,205.27000427246094,636.1153564453125,294.82623291015625,50.520423889160156,84.66595458984375,883.7437133789062,110.22857666015625,149.74362182617188,183.23175048828125,109.06942749023438,50.972747802734375,51.942317962646484,243.1416778564453,26.620580673217773,278.5708923339844,122.0320816040039,225.98333740234375,163.93556213378906,79.49659729003906,165.0925750732422,125.31317901611328,984.5913696289062
2026-02-24,271.8895263671875,388.1593017578125,310.495849609375,208.55999755859375,638.1616821289062,294.459716796875,49.867523193359375,84.08924865722656,893.608154296875,109.04417419433594,148.25372314453125,183.6578369140625,109.7741928100586,51.57956314086914,51.46678161621094,244.87173461914062,26.699281692504883,270.29290771484375,122.14049530029297,224.95919799804688,164.04473876953125,79.65449523925781,166.28916931152344,126.24947357177734,996.9833374023438
2026-02-25,273.97760009765625,399.7342224121094,312.4932556152344,210.63999938964844,652.5260009765625,300.4023742675781,51.133750915527344,86.26679992675781,912.53466796875,113.80167388916016,148.05508422851562,182.54800415039062,109.19847869873047,51.39055633544922,50.46617889404297,243.76808166503906,26.650094985961914,280.40606689453125,120.69171905517578,223.4623565673828,162.16885375976562,79.40779113769531,165.92626953125,125.25341796875,993.3186645507812
2026-02-26,272.6987609863281,400.851806640625,306.98040771484375,207.9199981689453,655.8401489257812,303.20538330078125,51.73719024658203,85.80941772460938,920.08154296875,115.6429672241211,147.53857421875,182.48855590820312,109.88337707519531,51.22144317626953,50.95161819458008,242.0778045654297,26.659931182861328,282.8332214355469,117.57735443115234,221.26632690429688,162.5261688232422,79.43739318847656,164.36676025390625,123.92866516113281,985.310302734375
2026-02-27,263.93682861328125,391.8912048339844,311.354736328125,210.0,647.0258178710938,297.4310607910156,49.29376983642578,80.98697662353516,851.3180541992188,109.67121887207031,151.47189331054688,185.06495666503906,112.6230239868164,51.072227478027344,52.586273193359375,247.00942993164062,27.201000213623047,289.3549499511719,122.0320816040039,228.54373168945312,165.95037841796875,80.48339080810547,166.4853515625,127.4447250366211,1009.325439453125
2026-03-02,264.476318359375,397.6886291503906,306.12152099609375,208.38999938964844,652.396240234375,294.7172546386719,49.273983001708984,82.11056518554688,857.9190063476562,110.92527770996094,153.1802978515625,187.87918090820312,117.36775970458984,51.00259017944336,53.70576095581055,247.13868713378906,26.817333221435547,290.9928283691406,119.65689086914062,230.6905059814453,162.2879638671875,79.16108703613281,164.072509765625,126.59809112548828,1001.3170776367188
2026-03-03,263.5072326660156,403.0570068359375,303.1853332519531,208.72999572753906,653.91357421875,297.3914489746094,49.4322624206543,82.06084442138672,858.795166015625,110.23853302001953,150.80641174316406,187.0567169189453,117.64569091796875,48.326622009277344,53.18069076538086,245.3390350341797,26.14837646484375,285.34918212890625,118.09969329833984,230.29660034179688,158.5262908935547,78.2927017211914,161.7479705810547,127.40489196777344,1006.309814453125
2026-03-04,262.2783508300781,404.32427978515625,302.7359619140625,216.82000732421875,666.541015625,296.52978515625,49.75871276855469,83.45288848876953,863.4446411132812,110.79589080810547,148.80996704101562,184.34158325195312,114.79686737060547,47.640220642089844,53.11134338378906,243.8973388671875,26.187726974487305,288.0624694824219,118.54319763183594,232.5911102294922,157.11691284179688,77.06907653808594,160.7769317626953,127.30528259277344,1005.2813110351562
2026-03-05,260.0504150390625,409.79241943359375,300.4888916015625,218.94000244140625,659.393798828125,290.74554443359375,49.273983001708984,81.64323425292969,831.7941284179688,108.43704986572266,149.74362182617188,188.17645263671875,115.95823669433594,47.15277862548828,52.744789123535156,238.259765625,26.177888870239258,284.9150390625,114.39398956298828,228.80963134765625,152.83912658691406,76.01319122314453,157.61866760253906,122.82305145263672,981.1463623046875
2026-03-06,257.2229919433594,408.0761413574219,298.1319274902344,213.2100067138672,643.7117309570312,286.7144470214844,48.38858413696289,79.96283721923828,817.8157348632812,106.0284423828125,150.1905975341797,188.21609497070312,116.20639038085938,46.6553840637207,53.68594741821289,239.0253448486328,26.610742568969727,282.6556396484375,114.11803436279297,226.60374450683594,152.4818115234375,76.02306365966797,157.77008056640625,123.31111907958984,996.65380859375
2026-03-09,259.6407775878906,408.5251770019531,306.1770935058594,213.49000549316406,646.2372436523438,287.1502685546875,47.652408599853516,78.38188171386719,828.3792114257812,106.0881576538086,149.42578125,187.7206268310547,116.16668701171875,46.943870544433594,54.50822830200195,241.20281982421875,26.3746395111084,283.550537109375,115.4189682006836,223.98428344726562,154.05992126464844,76.77303314208984,159.8482208251953,123.84898376464844,1003.8433837890625
2026-03-10,260.58990478515625,404.8830871582031,306.8567199707031,214.3300018310547,652.9053955078125,285.97161865234375,48.308998107910156,77.85489654541016,830.1513671875,108.45695495605469,147.13136291503906,184.59921264648438,113.30793762207031,47.859073638916016,52.87576675415039,242.31643676757812,26.718957901000977,280.736572265625,115.39926147460938,223.5509796142578,154.84400939941406,76.85197448730469,159.1060333251953,124.62590789794922,995.9148559570312
2026-03-11,260.5699157714844,404.0049743652344,308.5157470703125,212.64999389648438,653.6939697265625,284.7731628417969,48.269203186035156,76.44296264648438,820.1454467773438,108.6759262084961,150.55809020996094,190.04930114746094,116.16668701171875,47.918758392333984,55.324459075927734,241.6005401611328,26.8566837310791,283.63006591796875,114.53196716308594,224.2107696533203,152.17413330078125,76.60527801513672,158.4825897216797,123.0023422241211,990.7922973632812
2026-03-12,255.52456665039062,400.9914855957031,303.3687744140625,209.52999877929688,637.043701171875,280.18743896484375,46.886390686035156,74.82222747802734,784.0645141601562,105.0032958984375,152.4949493408203,195.1822967529297,119.37286376953125,44.32759094238281,58.14144515991211,240.6559600830078,26.423830032348633,275.47662353515625,114.2363052368164,221.9359588623047,149.3751983642578,76.58554077148438,157.20602416992188,124.8350830078125,1001.8662719726562
2026-03-13,249.8897705078125,394.69512939453125,302.09954833984375,207.6699981689453,612.6171875,280.7321472167969,46.47850799560547,73.67876434326172,778.7777709960938,105.1924057006836,155.06747436523438,195.03366088867188,120.99083709716797,44.48675537109375,57.61388397216797,240.13894653320312,26.14837646484375,280.4880065917969,113.94062805175781,216.33267211914062,149.52407836914062,76.8438720703125,158.2154083251953,126.02037048339844,1006.9688720703125
2026-03-16,252.58729553222656,399.08563232421875,305.3775939941406,211.74000549316406,626.8690185546875,283.4261474609375,46.81675338745117,75.31938934326172,791.2826538085938,106.8445816040039,156.1699981689453,195.053466796875,120.42504119873047,44.725502014160156,56.98678207397461,241.7993927001953,26.177888870239258,283.8686828613281,114.60584259033203,218.07569885253906,150.98309326171875,77.32079315185547,156.07789611816406,125.49246978759766,1000.2885131835938
2026-03-17,253.99598693847656,398.5467834472656,310.7344055175781,215.1999969482422,622.0834350585938,284.1492004394531,47.035614013671875,75.79666137695312,803.498779296875,107.20288848876953,157.73934936523438,196.1732177734375,121.96360778808594,45.889400482177734,57.46457290649414,236.74844360351562,27.004249572753906,285.9368896484375,115.04270935058594,216.41143798828125,150.34786987304688,77.08233642578125,154.87059020996094,124.58606719970703,994.7166137695312
2026-03-18,249.70994567871094,390.9432678222656,307.5063171386719,209.8699951171875,615.1099243164062,284.99102783203125,46.58794021606445,75.75688934326172,801.9456787109375,108.15837097167969,156.52757263183594,196.80740356445312,122.73785400390625,45.08362579345703,58.11158752441406,235.92318725585938,26.876358032226562,282.71527099609375,113.68248748779297,205.1654510498047,145.613525390625,75.48265838623047,151.94140625,121.49830627441406,978.5001220703125
2026-03-19,248.73085021972656,388.1792297363281,306.9466552734375,208.75999450683594,606.1382446289062,285.2188720703125,46.767005920410156,75.95574951171875,805.9480590820312,109.33280944824219,157.09373474121094,199.61172485351562,125.09036254882812,47.57058334350586,59.306068420410156,236.24136352539062,26.96489715576172,278.8473815917969,113.38462829589844,203.0876007080078,143.7574920654297,75.06536102294922,151.14974975585938,120.61181640625,973.3676147460938
2026-03-20,247.76173400878906,381.0447082519531,300.8203125,205.3699951171875,593.1102905273438,283.82232666015625,46.91623306274414,77.15886688232422,809.9603881835938,109.00436401367188,158.5935516357422,199.89907836914062,125.98372650146484,46.38679122924805,60.430870056152344,234.02410888671875,26.532041549682617,274.0249328613281,113.3647689819336,201.94529724121094,143.20169067382812,74.2704849243164,148.47784423828125,118.79328918457031,970.9212036132812
2026-03-23,251.25851440429688,382.1722717285156,301.87969970703125,210.13999938964844,603.5006713867188,287.14031982421875,47.27437210083008,77.83499908447266,827.6224975585938,111.11438751220703,160.04371643066406,203.34750366210938,126.25173950195312,48.993125915527344,60.032711029052734,234.07382202148438,26.335290908813477,268.00927734375,114.85405731201172,201.8074188232422,142.9138641357422,74.62818145751953,149.30911254882812,120.49005889892578,964.3306884765625
2026-03-24,251.4083709716797,371.9344177246094,290.2666320800781,207.24000549316406,592.3709716796875,289.6065368652344,47.89116668701172,79.15744018554688,832.052978515625,113.20449829101562,164.2650604248047,204.9131622314453,128.39581298828125,50.246551513671875,60.968387603759766,233.9246826171875,26.52220344543457,270.73370361328125,115.53913879394531,202.0733184814453,142.09005737304688,74.19100189208984,149.02212524414062,121.8175277709961,972.4089965820312
2026-03-25,252.38746643066406,370.2381286621094,290.7563171386719,211.7100067138672,594.3391723632812,292.59771728515625,48.498016357421875,79.80374908447266,838.1461791992188,113.9410171508789,162.1593475341797,203.2880401611328,127.97889709472656,51.61935806274414,61.56562805175781,238.5580291748047,26.83700942993164,269.0135192871094,118.51771545410156,204.02313232421875,142.84437561035156,74.76728057861328,150.15025329589844,122.82559204101562,973.447509765625
2026-03-26,252.6572265625,365.1790771484375,280.7523193359375,207.5399932861328,547.032958984375,288.87359619140625,47.99065399169922,78.57079315185547,819.0303955078125,111.88076782226562,164.31471252441406,205.90408325195312,132.26702880859375,52.037166595458984,64.06409454345703,237.8719940185547,27.122299194335938,266.5277404785156,118.08085632324219,207.90309143066406,141.3555908203125,74.21087646484375,149.25962829589844,121.94727325439453,978.2305908203125
2026-03-27,248.57098388671875,355.9989318847656,274.1762390136719,199.33999633789062,525.233154296875,280.13787841796875,46.72721862792969,76.75120544433594,799.3670654296875,106.87444305419922,169.8372344970703,209.23358154296875,132.81297302246094,53.2209587097168,65.0196762084961,239.07505798339844,26.600906372070312,257.54901123046875,118.7758560180664,206.2093048095703,141.6434326171875,75.22432708740234,151.4466094970703,122.65592193603516,982.4344482421875
2026-03-30,246.40298461914062,358.1842041015625,273.33673095703125,200.9499969482422,535.8833618164062,281.0589904785156,46.985870361328125,76.36341857910156,804.0563354492188,106.76496124267578,170.31399536132812,208.79759216308594,131.90968322753906,51.261234283447266,65.9354476928711,241.10340881347656,27.31905174255371,260.3033142089844,117.25678253173828,209.87261962890625,143.63839721679688,75.78073120117188,155.18727111816406,123.26475524902344,995.1360473632812
2026-03-31,253.55638122558594,369.3699951171875,287.3883361816406,208.27000427246094,571.6002197265625,291.3497314453125,48.498016357421875,79.15744018554688,842.2778930664062,112.87606048583984,168.51620483398438,205.02215576171875,131.02626037597656,51.12196350097656,64.7011489868164,243.04225158691406,27.6240177154541,269.0533142089844,119.43114471435547,214.17604064941406,143.36048889160156,75.56214904785156,153.67318725585938,124.04327392578125,994.9862060546875
2026-04-01,255.3946990966797,368.57171630859375,297.2124938964844,210.57000732421875,578.6936645507812,292.5580749511719,49.01532745361328,80.11198425292969,856.435546875,114.75715637207031,159.69607543945312,195.61830139160156,127.43296813964844,49.76905822753906,61.94388198852539,242.7240753173828,28.086383819580078,272.424072265625,119.97721862792969,211.70428466796875,143.0131072998047,75.59195709228516,153.0398406982422,124.50239562988281,995.1160278320312
2026-04-02,255.68443298339844,372.6528625488281,295.59344482421875,209.77000427246094,573.9281005859375,291.7855224609375,49.124759674072266,80.14181518554688,859.2531127929688,114.70738983154297,159.60667419433594,197.1641387939453,129.5571746826172,49.182132720947266,62.68048095703125,241.65025329589844,27.86012077331543,275.6854553222656,120.00701141357422,205.6578369140625,142.05035400390625,76.22785186767578,155.37527465820312,125.55039978027344,1013.4894409179688
2026-04-06,258.6217041015625,372.0741271972656,299.8109130859375,212.7899932861328,572.4894409179688,294.125,49.801246643066406,81.38470458984375,862.2498779296875,116.80745697021484,162.2686004638672,197.0551300048828,130.66891479492188,49.520362854003906,62.67052459716797,239.5920867919922,27.378076553344727,279.76214599609375,119.98714447021484,203.5406036376953,141.70297241210938,76.72463989257812,155.0981903076172,126.54849243164062,1017.0741577148438
2026-04-07,253.26666259765625,371.48541259765625,305.27764892578125,213.77000427246094,574.5175170898438,296.0662536621094,50.02010726928711,81.2852783203125,860.3582763671875,116.57853698730469,162.8049774169922,199.71080017089844,130.79795837402344,50.08738708496094,62.65061950683594,237.04673767089844,26.659931182861328,305.982421875,118.42835235595703,203.22547912597656,140.24395751953125,75.42304992675781,151.61485290527344,122.25668334960938,1011.741943359375
2026-04-08,258.66168212890625,373.52099609375,317.1305847167969,221.25,611.8529052734375,306.5888366699219,51.611839294433594,84.17874145507812,901.7756958007812,122.9085922241211,155.16680908203125,191.13931274414062,124.29627227783203,51.60940933227539,59.49519348144531,239.9202117919922,27.023921966552734,304.2423400878906,122.3005142211914,208.36593627929688,143.81704711914062,76.79419708251953,153.18829345703125,127.0176010131836,1028.7772216796875
2026-04-09,260.2502136230469,372.26373291015625,318.29986572265625,233.64999389648438,627.8081665039062,308.938232421875,52.43754577636719,85.53099822998047,899.7545776367188,124.33186340332031,153.99476623535156,188.6322784423828,122.5591812133789,52.265968322753906,58.260894775390625,239.93014526367188,26.777982711791992,305.16705322265625,121.80408477783203,209.16358947753906,145.56390380859375,77.67848205566406,155.8502960205078,128.884033203125,1030.53466796875
2026-04-10,260.240234375,370.0684814453125,317.0506286621094,238.3800048828125,629.2767333984375,308.4803161621094,52.26842498779297,84.9145278930664,903.8167114257812,123.80435943603516,151.4818115234375,186.83871459960938,121.6459732055664,51.649200439453125,57.70347213745117,237.09645080566406,26.48285484313965,302.6016845703125,120.5530776977539,204.7715606689453,144.0751190185547,76.97303771972656,155.4247589111328,126.52852630615234,997.0232543945312
2026-04-13,258.96142578125,383.539306640625,321.1181945800781,239.88999938964844,633.9425048828125,312.2732238769531,53.07423782348633,86.14747619628906,886.88134765625,125.68545532226562,151.61094665527344,190.03939819335938,122.70807647705078,51.649200439453125,57.79305648803711,236.59930419921875,26.896034240722656,311.22247314453125,119.29214477539062,203.32395935058594,142.5069122314453,75.91984558105469,154.25704956054688,124.33271789550781,979.4287719726562
2026-04-14,258.59173583984375,392.2604064941406,332.7112731933594,249.02000427246094,661.8765258789062,309.7247009277344,53.07423782348633,81.23555755615234,905.638671875,128.9699249267578,148.23387145996094,185.32260131835938,117.91370391845703,51.22144317626953,55.1253776550293,238.72706604003906,26.669769287109375,312.40570068359375,119.10350036621094,207.0561981201172,143.3009490966797,75.4131088256836,154.0987091064453,124.81181335449219,973.3875732421875
2026-04-15,266.18475341796875,410.3312683105469,336.91876220703125,248.5,670.9581909179688,304.5579833984375,54.039222717285156,79.83358001708984,895.5431518554688,131.0699920654297,148.0054168701172,183.23175048828125,118.04273986816406,52.14659118652344,55.57331085205078,237.30523681640625,26.748470306396484,312.2664794921875,117.05821228027344,206.9469757080078,142.30841064453125,74.82688903808594,153.23777770996094,124.5223617553711,983.3231811523438
2026-04-16,263.15753173828125,419.35174560546875,335.81939697265625,249.6999969482422,676.2432250976562,308.5599670410156,53.2334098815918,80.78811645507812,896.0509033203125,128.73104858398438,150.9553985595703,186.4423370361328,120.6731948852539,51.46018981933594,56.60852813720703,233.1988525390625,26.777982711791992,314.6031494140625,114.63562774658203,207.51295471191406,142.04043579101562,74.6977310180664,156.73101806640625,124.58224487304688,985.7796020507812
2026-04-17,269.98126220703125,421.87628173828125,341.4760437011719,250.55999755859375,687.9124145507812,308.8984375,53.631343841552734,80.94721221923828,921.8870849609375,131.55767822265625,145.45274353027344,182.32009887695312,115.18399047851562,52.38534164428711,53.54269027709961,232.84091186523438,27.11246109008789,322.78643798828125,118.21985626220703,206.9072723388672,145.83187866210938,75.25413513183594,156.02841186523438,127.25714111328125,998.4412231445312
2026-04-20,272.79864501953125,417.1664733886719,337.2185974121094,248.27999877929688,670.2887573242188,315.5683898925781,53.671138763427734,81.5040283203125,937.6077880859375,132.423583984375,146.6843719482422,181.58680725097656,115.5909652709961,51.92774200439453,54.229515075683594,229.37088012695312,27.07311248779297,321.6429748535156,116.26392364501953,202.27027893066406,143.41012573242188,74.99580383300781,155.35549926757812,127.67633819580078,996.3942260742188
2026-04-21,265.9250183105469,423.2433166503906,332.0916442871094,249.91000366210938,668.220703125,311.5962829589844,53.20356750488281,81.08641815185547,922.4844360351562,131.06002807617188,147.35980224609375,184.2920379638672,119.37286376953125,52.49476623535156,56.07101058959961,224.8667755126953,26.866519927978516,344.0450134277344,111.75633239746094,203.67030334472656,141.25634765625,74.2208023071289,153.30703735351562,129.3531494140625,1004.3526611328125
2026-04-22,272.9185791015625,431.984375,339.1174621582031,255.36000061035156,674.09521484375,311.6161804199219,52.84542465209961,80.12193298339844,930.7380981445312,129.1192169189453,148.4921112060547,184.6289520263672,121.69559478759766,54.066524505615234,56.78770065307617,224.80712890625,26.364803314208984,351.5123596191406,112.08397674560547,199.08294677734375,141.78237915039062,74.15125274658203,152.1887969970703,129.73240661621094,1002.2457275390625
2026-04-23,273.1783142089844,414.8514709472656,338.6877136230469,255.0800018310547,658.5396728515625,310.29217529296875,52.198787689208984,80.05233001708984,927.2135620117188,127.90495300292969,149.51516723632812,185.8973388671875,123.45254516601562,54.45449447631836,57.56411361694336,229.3311004638672,26.236913681030273,352.54644775390625,113.80162811279297,199.52976989746094,144.62100219726562,75.7906723022461,154.07891845703125,131.77850341796875,1012.9102172851562
2026-04-24,270.81048583984375,423.7023010253906,344.19439697265625,263.989990234375,674.4049682617188,306.8974609375,51.78095626831055,78.96852111816406,922.8428344726562,127.37745666503906,147.90609741210938,183.52902221679688,120.8617935180664,55.857139587402344,56.85737609863281,226.19911193847656,26.561555862426758,352.9044189453125,111.1010513305664,197.3056182861328,148.17999267578125,76.138427734375,153.82162475585938,129.6725311279297,1009.6849365234375
2026-04-27,267.3636474609375,423.9018859863281,350.130859375,261.1199951171875,677.9916381835938,310.232421875,52.35795974731445,80.10204315185547,933.6950073242188,128.53199768066406,147.19094848632812,183.10292053222656,120.78238677978516,54.94193649291992,57.00668716430664,224.0514678955078,26.35496711730957,352.67572021484375,109.44297790527344,195.98501586914062,148.39999389648438,74.95606231689453,152.49559020996094,127.34696197509766,996.56396484375
2026-04-28,270.4608154296875,428.3222961425781,349.5711975097656,259.70001220703125,670.7183837890625,310.0532531738281,52.3878059387207,81.03669738769531,922.4844360351562,127.92486572265625,149.5449676513672,186.6504364013672,123.40290832519531,55.35974884033203,58.34052658081055,226.48745727539062,26.049999237060547,364.6871032714844,109.24440002441406,196.29281616210938,149.1699981689453,77.8473892211914,154.6627655029297,127.34696197509766,992.5597534179688
2026-04-29,269.92132568359375,423.5426330566406,349.7311096191406,263.0400085449219,668.5004272460938,307.86309814453125,52.60667037963867,81.04664611816406,901.6263427734375,127.00920104980469,153.62725830078125,190.47540283203125,127.30391693115234,55.40948486328125,60.48064041137695,226.0499725341797,25.833572387695312,368.6345520019531,110.15782928466797,202.44898986816406,146.4600067138672,78.36405944824219,153.67318725585938,127.76616668701172,997.2229614257812
2026-04-30,271.1002502441406,406.8987121582031,384.5702819824219,265.05999755859375,611.3433837890625,311.82525634765625,53.18367004394531,81.7625503540039,919.7166748046875,127.37745666503906,153.28955078125,191.55551147460938,124.85214233398438,56.58333206176758,60.30147171020508,228.5356903076172,26.266427993774414,368.37603759765625,108.40046691894531,209.8264923095703,147.08999633789062,78.25476837158203,156.83987426757812,131.67869567871094,1013.06005859375
2026-05-01,279.88214111328125,413.5443115234375,385.45977783203125,268.260009765625,608.1863403320312,311.06866455078125,52.96480941772461,80.35061645507812,919.6569213867188,126.84000396728516,151.72019958496094,188.89984130859375,122.28125,56.62311935424805,58.440067291259766,225.89088439941406,25.902435302734375,366.6856994628906,111.35919952392578,205.1398468017578,147.25999450683594,78.07592010498047,155.7711181640625,131.34933471679688,1011.7000122070312
2026-05-04,276.5751647949219,412.72607421875,383.0212097167969,272.04998779296875,609.8447875976562,306.270263671875,51.92023468017578,78.72988891601562,899.3065795898438,125.62999725341797,152.65386962890625,190.53485107421875,123.98856353759766,55.33985137939453,59.992897033691406,222.91798400878906,25.872920989990234,368.6445007324219,112.30241394042969,206.68882751464844,143.4199981689453,77.68842315673828,152.98046875,130.08175659179688,1012.7899780273438
2026-05-05,283.9184265136719,410.4909362792969,388.1981201171875,273.54998779296875,604.3998413085938,308.0124206542969,52.84542465209961,79.43585205078125,914.8580322265625,128.00999450683594,153.83584594726562,190.89158630371094,122.41028594970703,55.70792007446289,59.06717300415039,224.26026916503906,26.02048683166504,361.8035583496094,112.34212493896484,204.65330505371094,144.89999389648438,77.9765625,153.42578125,130.54086303710938,1016.4199829101562
2026-05-06,287.245361328125,413.0653381347656,397.8023986816406,274.989990234375,612.3125,313.4877624511719,53.32294464111328,79.96283721923828,933.2369995117188,127.5999984741211,147.6875762939453,183.47947692871094,118.02289581298828,54.8723030090332,54.866573333740234,223.33558654785156,26.09918785095215,365.1942138671875,112.74919128417969,203.5809326171875,147.89999389648438,78.72174835205078,154.33621215820312,129.8322296142578,995.75
2026-05-07,287.1754150390625,419.8606262207031,397.7524108886719,271.1700134277344,616.2388305664062,304.8964538574219,52.47734069824219,78.71000671386719,921.8074340820312,129.08999633789062,145.591796875,180.84361267089844,114.03254699707031,52.723567962646484,53.69199752807617,221.23764038085938,26.049999237060547,367.6402282714844,111.49819946289062,201.27734375,146.05999755859375,77.9268798828125,154.6627655029297,129.95199584960938,1012.0599975585938
2026-05-08,293.0500183105469,414.22283935546875,400.56072998046875,272.67999267578125,609.0654907226562,300.74517822265625,51.04478454589844,75.63999938964844,932.370849609375,125.55000305175781,143.59535217285156,179.9716033935547,113.02999877929688,52.99216079711914,52.78618240356445,220.05445861816406,25.68000030517578,377.8221130371094,110.58476257324219,200.1255340576172,146.4199981689453,77.91693878173828,153.01016235351562,130.42999267578125,1008.7899780273438
2026-05-11,292.67999267578125,411.7681579589844,388.40802001953125,268.989990234375,598.3054809570312,298.6545715332031,50.28871154785156,73.58000183105469,940.7140502929688,125.8499984741211,148.6708984375,183.06329345703125,115.55000305175781,54.64350128173828,54.88648223876953,220.163818359375,25.809999465942383,382.25677490234375,110.4854736328125,201.34683227539062,143.36000061035156,78.15541076660156,147.8544158935547,127.58999633789062,999.469970703125
2026-05-12,294.79998779296875,406.8887023925781,387.1187744140625,265.82000732421875,602.441650390625,303.5126953125,50.517520904541016,75.18000030517578,941.7495727539062,126.44000244140625,149.614501953125,184.26229858398438,117.87000274658203,55.349796295166016,56.011287689208984,222.97763061523438,25.8700008392334,394.138916015625,111.56769561767578,206.39093017578125,143.91000366210938,79.51661682128906,150.26901245117188,130.35000610351562,1021.8800048828125
2026-05-13,298.8699951171875,404.3342590332031,402.3796691894531,270.1300048828125,616.0590209960938,298.9034729003906,49.58238220214844,73.52999877929688,951.2277221679688,124.0999984741211,150.5481719970703,184.31185913085938,117.4000015258789,55.091156005859375,55.92169952392578,229.1024169921875,25.959999084472656,398.8818054199219,112.63997650146484,207.0264129638672,142.24000549316406,79.7451400756836,147.7158660888672,131.47000122070312,1033.0799560546875
2026-05-14,298.2099914550781,408.5451354980469,400.8305969238281,267.2200012207031,617.8573608398438,298.56500244140625,49.59232711791992,73.79000091552734,964.7083740234375,124.81999969482422,151.75,184.946044921875,118.97000122070312,55.459224700927734,56.57866668701172,229.48025512695312,25.75,396.82354736328125,112.60027313232422,209.28038024902344,142.7100067138672,79.93392181396484,147.1221160888672,132.4600067138672,1041.25
2026-05-15,300.2300109863281,421.0081481933594,396.54315185546875,264.1400146484375,613.6612548828125,296.4743957519531,49.51274490356445,73.41999816894531,944.3082275390625,123.41999816894531,157.9199981689453,189.36557006835938,122.41000366210938,55.091156005859375,59.345882415771484,225.41363525390625,25.329999923706055,391.61334228515625,110.58476257324219,208.90306091308594,141.57000732421875,80.30155181884766,147.5674285888672,131.4499969482422,1048.949951171875
2026-05-18,297.8399963378906,422.6246643066406,396.70306396484375,264.8599853515625,610.64404296875,299.3813171386719,50.42798614501953,74.37000274658203,942.20751953125,122.41000366210938,160.49000549316406,194.33999633789062,124.54000091552734,56.851924896240234,59.42551803588867,227.61099243164062,25.329999923706055,388.9087829589844,111.75633239746094,207.92999267578125,142.38999938964844,80.67910766601562,147.508056640625,133.33999633789062,1076.469970703125
2026-05-19,298.9700012207031,416.51788330078125,387.4285888671875,259.3399963378906,602.052001953125,294.3738708496094,50.43793487548828,74.55000305175781,924.664794921875,119.97000122070312,162.5500030517578,197.25,125.11000061035156,56.47390365600586,60.42091751098633,228.684814453125,25.65999984741211,387.02947998046875,113.4243392944336,212.24923706054688,141.3000030517578,81.39449310302734,148.80441284179688,134.1999969482422,1094.3199462890625
2026-05-20,302.25,420.1499938964844,388.6778564453125,265.010009765625,604.499755859375,300.625732421875,50.96519470214844,75.80999755859375,977.8106079101562,124.81999969482422,156.27999877929688,191.3300018310547,122.36000061035156,56.98124313354492,58.59933090209961,228.0087127685547,25.790000915527344,381.12322998046875,112.19319915771484,210.799560546875,142.44000244140625,81.02687072753906,147.73565673828125,130.85000610351562,1074.010009765625
2026-05-21,304.989990234375,419.0899963378906,387.4285888671875,268.4599914550781,606.8175659179688,301.6411437988281,51.223854064941406,75.91999816894531,983.8340454101562,125.22000122070312,155.2899932861328,191.00999450683594,120.55000305175781,56.95140075683594,58.55951690673828,230.40492248535156,25.950000762939453,380.3078918457031,115.05262756347656,212.9840087890625,143.39999389648438,80.64929962158203,147.3002471923828,121.33999633789062,1050.449951171875
2026-05-22,308.82000732421875,418.57000732421875,382.74139404296875,266.32000732421875,609.6949462890625,305.0059814453125,51.532249450683594,76.4000015258789,992.3564453125,125.08999633789062,154.9199981689453,191.42999267578125,120.45999908447266,56.98124313354492,58.539608001708984,233.0,25.899999618530273,386.2638854980469,121.5360107421875,214.17552185058594,144.44000244140625,80.95732116699219,149.00233459472656,120.2699966430664,1028.239990234375
2026-05-26,308.3299865722656,416.0299987792969,388.6478576660156,265.2900085449219,611.7730102539062,305.3643493652344,51.93018341064453,77.5199966430664,990.1561889648438,126.86000061035156,149.80999755859375,184.7100067138672,116.56999969482422,57.67759323120117,57.1958122253418,230.17999267578125,25.850000381469727,374.71978759765625,118.86521911621094,211.61375427246094,142.9600067138672,79.94385528564453,144.16323852539062,118.56999969482422,1002.9299926757812
2026-05-27,310.8500061035156,412.6700134277344,388.5978698730469,271.8500061035156,634.6718139648438,297.93780517578125,50.83586883544922,76.11000061035156,992.0975952148438,125.38999938964844,147.89999389648438,182.39999389648438,115.12999725341797,56.2053108215332,56.62843322753906,231.2899932861328,26.209999084472656,381.8292236328125,119.38150024414062,213.8776397705078,147.49000549316406,81.09642028808594,146.20179748535156,118.54000091552734,1003.6900024414062
2026-05-28,312.510009765625,426.989990234375,389.8971252441406,274.0,634.7017211914062,295.3992614746094,50.50757598876953,76.6500015258789,1003.9454345703125,124.68000030517578,146.9600067138672,183.02999877929688,114.98999786376953,54.8325080871582,57.05645751953125,230.8000030517578,26.139999389648438,380.35760498046875,119.03400421142578,217.08482360839844,145.91000366210938,79.89418029785156,144.7668914794922,118.9000015258789,995.2000122070312
2026-05-29,312.05999755859375,450.239990234375,380.1129455566406,270.6400146484375,631.92431640625,297.9676818847656,51.333282470703125,77.54000091552734,1021.06005859375,125.9000015258789,145.25999450683594,182.4600067138672,113.9800033569336,54.26548385620117,56.369632720947266,225.3300018310547,26.18000030517578,378.15020751953125,117.87236022949219,216.18125915527344,143.55999755859375,78.50315856933594,142.6887664794922,115.75,956.3200073242188
2026-06-01,306.30999755859375,460.5199890136719,376.14532470703125,261.260009765625,599.9139404296875,295.2499084472656,51.24374771118164,77.16999816894531,1048.5799560546875,129.08999633789062,149.3800048828125,185.8300018310547,115.58000183105469,54.464439392089844,58.64910125732422,223.50999450683594,25.6299991607666,377.7027587890625,114.34770202636719,211.4250946044922,140.27999877929688,78.13553619384766,140.0465545654297,114.5999984741211,946.1099853515625
2026-06-02,315.20001220703125,441.30999755859375,361.6340026855469,256.5199890136719,597.0765991210938,299.6102600097656,52.208736419677734,79.44000244140625,1064.5799560546875,131.25999450683594,149.55999755859375,187.5500030517578,116.87000274658203,56.26499938964844,58.818321228027344,222.88999938964844,25.549999237060547,375.7738037109375,114.82427978515625,213.8776397705078,140.82000732421875,77.90701293945312,140.5215606689453,113.05999755859375,954.27001953125
2026-06-03,310.260009765625,427.3399963378906,358.77569580078125,250.02000427246094,622.4031372070312,299.50079345703125,52.129150390625,78.68000030517578,1041.02001953125,129.92999267578125,152.52999877929688,189.7100067138672,119.05000305175781,56.849998474121094,59.36579132080078,223.24000549316406,25.34000015258789,374.8590087890625,113.88105773925781,215.59542846679688,140.19000244140625,78.25476837158203,141.05592346191406,116.88999938964844,961.8300170898438
2026-06-04,311.2300109863281,428.04998779296875,371.96783447265625,253.7899932861328,626.9888916015625,309.4957580566406,53.88999938964844,81.62000274658203,1092.6099853515625,135.14999389648438,152.0399932861328,188.35000610351562,119.2300033569336,58.0099983215332,58.40024948120117,228.1699981689453,25.690000534057617,394.21844482421875,119.40135955810547,223.3502197265625,140.77999877929688,76.32720947265625,140.6699981689453,117.73999786376953,972.3499755859375
2026-06-05,307.3399963378906,416.6700134277344,368.30999755859375,246.02999877929688,592.450927734375,310.9691162109375,53.83000183105469,81.94000244140625,1038.6800537109375,132.47000122070312,149.9199981689453,187.30999755859375,117.13999938964844,54.869998931884766,56.668251037597656,232.77000427246094,26.040000915527344,397.201416015625,119.92757415771484,225.62403869628906,146.5399932861328,78.97014617919922,141.9199981689453,118.87999725341797,971.8699951171875
2026-06-08,301.5400085449219,411.739990234375,363.30999755859375,245.22000122070312,584.8479614257812,309.7147521972656,53.630001068115234,80.95999908447266,1045.0,133.27999877929688,151.75,189.24000549316406,118.88999938964844,56.54999923706055,57.215721130371094,232.16000366210938,25.6200008392334,404.2610778808594,118.66664123535156,221.4934539794922,145.10000610351562,79.0297622680664,140.67999267578125,119.83000183105469,974.75
2026-06-09,290.54998779296875,403.4100036621094,364.260009765625,244.19000244140625,584.0487060546875,311.2976379394531,54.41999816894531,82.0,1032.010009765625,134.72999572753906,148.91000366210938,186.75999450683594,116.79000091552734,55.849998474121094,56.28999710083008,237.0,25.700000762939453,410.6545715332031,118.7460708618164,223.8268280029297,148.6699981689453,80.81820678710938,142.77999877929688,118.87999725341797,968.5900268554688
2026-06-10,291.5799865722656,397.3599853515625,356.3800048828125,238.0,570.4512939453125,307.75360107421875,54.540000915527344,81.97000122070312,1001.2899780273438,133.3800048828125,150.6199951171875,189.8000030517578,119.91999816894531,55.5099983215332,57.099998474121094,238.49000549316406,25.600000381469727,405.1460266113281,118.23970794677734,223.3601531982422,149.0500030517578,83.05377197265625,144.32000732421875,120.58999633789062,983.3699951171875
2026-06-11,295.6300048828125,390.3399963378906,357.7699890136719,241.50999450683594,567.9036254882812,312.0840759277344,55.15999984741211,82.4000015258789,1035.6400146484375,138.07000732421875,146.60000610351562,185.82000732421875,115.36000061035156,56.0,55.470001220703125,238.3300018310547,26.170000076293945,403.2468566894531,119.89778900146484,223.18142700195312,148.33999633789062,82.00057983398438,143.72999572753906,120.5,975.6900024414062
2026-06-12,291.1300048828125,390.739990234375,359.67999267578125,238.5500030517578,566.4549560546875,319.28167724609375,56.02000045776367,83.7300033569336,1062.75,139.8300018310547,147.00999450683594,187.22000122070312,116.9800033569336,56.18000030517578,56.540000915527344,240.8699951171875,26.209999084472656,406.20001220703125,118.20000457763672,226.12049865722656,149.61000061035156,82.09000396728516,144.27000427246094,121.04000091552734,982.3499755859375
2026-06-15,296.4200134277344,399.760009765625,369.3500061035156,246.02000427246094,593.47998046875,317.96759033203125,55.869998931884766,83.13999938964844,1076.1700439453125,141.2100067138672,140.9199981689453,180.39999389648438,112.26000213623047,53.709999084472656,54.459999084472656,235.66000366210938,26.0,411.0400085449219,114.9000015258789,220.02389526367188,150.4600067138672,80.91000366210938,146.25,120.81999969482422,979.4500122070312
2026-06-16,299.239990234375,393.8299865722656,373.25,246.0,600.2100219726562,329.6549377441406,56.84000015258789,85.05000305175781,1090.6700439453125,142.99000549316406,141.86000061035156,180.11000061035156,111.33999633789062,53.06999969482422,53.66999816894531,235.17999267578125,26.040000915527344,407.6499938964844,115.16999816894531,220.89767456054688,152.49000549316406,80.27999877929688,146.1199951171875,121.02999877929688,986.6799926757812
2026-06-17,295.95001220703125,378.9100036621094,363.7900085449219,237.5,567.5800170898438,331.9645080566406,56.529998779296875,83.80999755859375,1099.1400146484375,143.77999877929688,140.74000549316406,177.5800018310547,111.20999908447266,50.33000183105469,53.040000915527344,234.1999969482422,25.920000076293945,399.5299987792969,115.44000244140625,219.66644287109375,150.55999755859375,79.93000030517578,141.58999633789062,118.12999725341797,965.5900268554688
2026-06-18,298.010009765625,379.3999938964844,368.0299987792969,244.38999938964844,577.219970703125,323.761474609375,56.20000076293945,82.19999694824219,1096.56005859375,143.05999755859375,137.80999755859375,173.6300048828125,107.73999786376953,48.09000015258789,51.81999969482422,228.38999938964844,25.209999084472656,400.9599914550781,113.87000274658203,214.95994567871094,150.3800048828125,79.38999938964844,142.02000427246094,117.18000030517578,951.4500122070312
2026-06-22,297.010009765625,367.3399963378906,349.67999267578125,232.7899932861328,563.8499755859375,329.993408203125,57.369998931884766,83.83999633789062,1106.3699951171875,145.6699981689453,138.47000122070312,175.05999755859375,109.69999694824219,47.95000076293945,52.0,231.2899932861328,25.079999923706055,406.67999267578125,115.4800033569336,228.38438415527344,147.67999267578125,79.52999877929688,140.7100067138672,117.18000030517578,951.3499755859375
2026-06-23,294.29998779296875,373.94000244140625,346.1300048828125,234.11000061035156,562.2000122070312,332.6414794921875,57.90999984741211,84.12999725341797,1094.43994140625,144.97000122070312,139.72999572753906,175.97999572753906,109.97000122070312,47.790000915527344,52.22999954223633,239.0800018310547,24.719999313354492,409.25,119.5999984741211,233.10081481933594,150.86000061035156,80.30999755859375,142.0500030517578,119.41999816894531,957.6799926757812
2026-06-24,293.0799865722656,365.4599914550781,345.2900085449219,234.27000427246094,557.6699829101562,331.95458984375,57.72999954223633,84.30000305175781,1076.9100341796875,143.58999633789062,136.89999389648438,171.4499969482422,106.91999816894531,46.61000061035156,51.09000015258789,241.0,24.040000915527344,405.79998779296875,120.5999984741211,233.2299041748047,152.0399932861328,80.5999984741211,142.27000427246094,119.0,961.0900268554688
2026-06-25,275.1499938964844,352.8299865722656,343.7099914550781,227.00999450683594,542.8699951171875,333.6170654296875,58.189998626708984,84.73999786376953,1065.0899658203125,144.97999572753906,137.5500030517578,172.24000549316406,106.41000366210938,47.41999816894531,51.209999084472656,244.8800048828125,23.670000076293945,415.5299987792969,125.44999694824219,241.4215850830078,148.5,80.41999816894531,139.52000427246094,115.77999877929688,942.239990234375
2026-06-26,283.7799987792969,372.9700012207031,337.3900146484375,232.69000244140625,550.25,327.57427978515625,57.880001068115234,83.86000061035156,1019.6099853515625,141.75999450683594,136.5399932861328,171.05999755859375,105.95999908447266,47.0,49.9900016784668,254.66000366210938,24.290000915527344,427.8900146484375,128.66000366210938,251.55943298339844,149.02000427246094,82.62999725341797,141.38999938964844,115.69000244140625,952.5399780273438
2026-06-29,281.739990234375,368.57000732421875,353.6499938964844,240.13999938964844,562.5999755859375,327.91278076171875,57.880001068115234,83.51000213623047,1020.2100219726562,142.49000549316406,136.05999755859375,168.47000122070312,104.19999694824219,46.380001068115234,49.09000015258789,258.510009765625,24.3700008392334,419.82000732421875,129.3800048828125,252.5126495361328,148.4499969482422,82.6500015258789,138.67999267578125,114.5999984741211,946.6799926757812
2026-06-30,289.3599853515625,373.0199890136719,357.3699951171875,238.33999633789062,563.2899780273438,325.86199951171875,56.97999954223633,82.63999938964844,1011.3699951171875,139.9600067138672,136.72000122070312,165.75999450683594,103.95999908447266,46.4900016784668,48.56999969482422,253.97000122070312,24.079999923706055,415.6300048828125,128.5,249.86151123046875,146.63999938964844,81.2699966430664,135.39999389648438,113.26000213623047,935.469970703125
2026-07-01,294.3800048828125,384.2799987792969,361.2099914550781,241.6999969482422,612.9099731445312,332.5718078613281,58.36000061035156,85.94000244140625,1019.6099853515625,140.1300048828125,136.27999877929688,165.69000244140625,103.22000122070312,45.09000015258789,47.939998626708984,253.97999572753906,23.8799991607666,426.5400085449219,125.37000274658203,249.28561401367188,147.42999267578125,81.29000091552734,141.16000366210938,108.81999969482422,924.6699829101562
2026-07-02,308.6300048828125,390.489990234375,359.9100036621094,242.6699981689453,582.9000244140625,332.9700012207031,58.72999954223633,85.51000213623047,1021.0,139.97000122070312,137.08999633789062,169.1999969482422,104.7300033569336,45.130001068115234,48.90999984741211,263.0400085449219,24.31999969482422,425.3599853515625,129.55999755859375,259.2248840332031,151.41000366210938,84.13999938964844,144.22000122070312,111.83999633789062,951.6699829101562
2026-07-06,312.6600036621094,386.739990234375,366.4599914550781,244.16000366210938,600.2899780273438,337.7200012207031,59.900001525878906,87.44999694824219,1055.2900390625,143.86000061035156,136.44000244140625,168.10000610351562,103.58000183105469,45.720001220703125,48.810001373291016,259.3299865722656,23.719999313354492,417.989990234375,126.77999877929688,252.95945739746094,149.30999755859375,82.95999908447266,143.2899932861328,110.6500015258789,950.25
2026-07-07,310.6600036621094,388.8399963378906,367.0299987792969,245.97999572753906,615.5800170898438,339.2200012207031,59.86000061035156,87.18000030517578,1042.97998046875,140.77000427246094,141.69000244140625,174.00999450683594,108.44000244140625,46.41999816894531,51.68000030517578,267.239990234375,24.06999969482422,428.19000244140625,128.86000061035156,252.85023498535156,152.75,84.05000305175781,144.97999572753906,111.54000091552734,947.5
2026-07-08,313.3900146484375,383.3399963378906,361.9200134277344,243.6199951171875,603.1199951171875,330.6199951171875,58.29999923706055,85.55999755859375,1029.6400146484375,137.38999938964844,141.1300048828125,175.97000122070312,110.72000122070312,47.43000030517578,53.59000015258789,263.3999938964844,24.049999237060547,425.6000061035156,125.98999786376953,250.95375061035156,148.39999389648438,83.4000015258789,142.50999450683594,113.0999984741211,953.1300048828125
2026-07-09,316.2200012207031,384.3599853515625,358.8900146484375,247.0399932861328,631.47998046875,335.4700012207031,59.25,86.91000366210938,1055.969970703125,139.57000732421875,137.4600067138672,174.0500030517578,108.0199966430664,47.2400016784668,52.29999923706055,259.1000061035156,24.25,431.67999267578125,125.06999969482422,248.1437530517578,146.85000610351562,82.62999725341797,137.86000061035156,112.20999908447266,912.969970703125
2026-07-10,315.32000732421875,385.1000061035156,357.17999267578125,245.33999633789062,669.2100219726562,336.4700012207031,59.66999816894531,87.16000366210938,1055.1800537109375,140.7899932861328,138.8800048828125,176.39999389648438,109.04000091552734,47.7599983215332,52.88999938964844,256.9800109863281,24.170000076293945,424.6199951171875,123.54000091552734,246.32667541503906,147.0399932861328,83.48999786376953,137.3800048828125,113.9000015258789,916.25
2026-07-13,317.30999755859375,390.989990234375,352.510009765625,247.30999755859375,656.72998046875,334.5299987792969,59.5,87.66999816894531,1045.9100341796875,140.7100067138672,144.50999450683594,182.1999969482422,112.8499984741211,47.36000061035156,54.810001373291016,257.7699890136719,24.479999542236328,429.0899963378906,124.02999877929688,246.2472381591797,148.3699951171875,84.25,138.49000549316406,114.77999877929688,926.4299926757812
2026-07-14,314.8599853515625,384.92999267578125,359.510009765625,247.49000549316406,661.0399780273438,342.8900146484375,60.619998931884766,85.29000091552734,1140.0,133.27000427246094,145.08999633789062,181.75999450683594,111.87000274658203,47.540000915527344,54.56999969482422,253.85000610351562,24.25,425.19000244140625,120.77999877929688,243.0500030517578,146.0800018310547,83.08000183105469,135.4499969482422,113.69999694824219,921.75
2026-07-15,327.5,395.6300048828125,370.9200134277344,254.9600067138672,681.3099975585938,346.9100036621094,61.59000015258789,87.51000213623047,1152.0699462890625,134.88999938964844,144.50999450683594,181.60000610351562,111.45999908447266,47.54999923706055,53.77000045776367,247.02000427246094,24.81999969482422,418.5199890136719,123.61000061035156,244.11000061035156,148.0500030517578,82.44999694824219,135.39999389648438,112.52999877929688,916.5399780273438
2026-07-16,333.260009765625,401.1000061035156,354.4599914550781,249.88999938964844,664.5399780273438,343.1499938964844,61.4900016784668,88.06999969482422,1095.4599609375,131.7100067138672,145.9499969482422,183.86000061035156,112.83999633789062,47.08000183105469,53.650001525878906,249.97000122070312,25.139999389648438,423.3800048828125,127.62999725341797,254.38999938964844,151.5,84.91999816894531,139.42999267578125,114.94999694824219,945.5700073242188
2026-07-17,333.739990234375,393.82000732421875,346.7699890136719,247.22999572753906,646.010009765625,341.1000061035156,61.27000045776367,87.51000213623047,1065.219970703125,129.36000061035156,147.36000061035156,187.3800048828125,114.70999908447266,46.9900016784668,54.86000061035156,253.0399932861328,25.049999237060547,426.0899963378906,127.5,254.49000549316406,149.97999572753906,81.55999755859375,137.1199951171875,114.23999786376953,940.8699951171875
2026-07-20,326.5899963378906,402.2900085449219,351.989990234375,249.99000549316406,645.8499755859375,338.8699951171875,60.41999816894531,86.33000183105469,1055.030029296875,128.72000122070312,148.36000061035156,189.7100067138672,115.68000030517578,46.38999938964844,55.189998626708984,248.82000732421875,24.75,421.54998779296875,124.4000015258789,253.3800048828125,149.1300048828125,82.12000274658203,135.4600067138672,112.19999694824219,935.7999877929688
2026-07-21,327.739990234375,397.75,347.1499938964844,247.5500030517578,643.8099975585938,345.2300109863281,61.220001220703125,87.73999786376953,1085.56005859375,132.83999633789062,151.7100067138672,191.07000732421875,117.5,46.59000015258789,56.5,250.61000061035156,24.940000534057617,436.3500061035156,126.26000213623047,256.1000061035156,148.10000610351562,81.97000122070312,135.0,110.38999938964844,929.219970703125
2026-07-22,325.8900146484375,390.3399963378906,342.0899963378906,244.85000610351562,627.1699829101562,348.2099914550781,61.619998931884766,86.41999816894531,1098.199951171875,132.25,154.4499969482422,192.97999572753906,118.79000091552734,47.66999816894531,57.5,255.6300048828125,24.81999969482422,431.30999755859375,127.47000122070312,253.3000030517578,149.1300048828125,82.19999694824219,135.64999389648438,109.33000183105469,927.3099975585938
2026-07-23,321.6600036621094,381.5799865722656,317.69000244140625,233.66000366210938,606.0999755859375,349.8999938964844,61.279998779296875,86.19000244140625,1074.719970703125,131.8800048828125,156.88999938964844,194.4199981689453,120.19999694824219,47.220001220703125,57.599998474121094,259.2699890136719,25.010000228881836,423.55999755859375,130.47999572753906,256.9200134277344,146.97000122070312,81.16999816894531,134.9499969482422,108.4000015258789,926.0599975585938
